-0.0316488,0,0,1,0.366666667
0.9869986,2.30814,1,,
1.009194,2.517442,2,,
1.0110112,2.684559,3,,
1.011206,2.833829,4,,
1.0006274,2.921444,5,,
0.9990698,3.035019,6,,
1.0029638,3.129123,7,,
0.999524,3.216738,8,,
1.0010816,3.304353,9,,
0.9994592,3.378988,10,,
1.0020552,3.453623,11,,
1.0078312,3.521768,12,,
1.0089344,3.60776,13,,
1.0082206,3.6467,14,,
1.007247,3.713222,15,,
1.0106218,3.773255,16,,
1.002834,3.833287,17,,
1.000238,3.885207,18,,
1.0007572,3.935504,19,,
1.0006922,3.974444,20,,
1.0125688,4.029609,21,,
1.0090642,4.076661,22,,
1.0093238,4.125336,23,,
1.0016658,4.174011,24,,
1.0006922,4.204838,25,,
1.0121794,4.255136,26,,
1.0023796,4.297321,27,,
1.000887,4.329771,28,,
1.0006274,4.334638,29,,
1.0114656,4.389803,30,,
1.0006922,4.449835,31,,
1.0006922,4.482285,32,,
1.0003028,4.521225,33,,
1.0090642,4.560165,34,,
1.0009518,4.599105,35,,
0.9993294,4.629932,36,,
1.0080908,4.66725,37,,
0.9984208,4.686719,38,,
1.0069874,4.720792,39,,
0.9975122,4.753242,40,,
1.0012764,4.785692,41,,
1.0101026,4.810029,42,,
1.010492,4.844101,43,,
1.0025744,4.879796,44,,
1.000822,4.902511,45,,
1.002834,4.931716,46,,
0.9987452,4.982013,47,,
0.9988102,4.986881,48,,
1.0075716,5.017708,49,,
0.998291,5.043668,50,,
1.0001082,5.071251,51,,
1.0010168,5.106945,52,,
1.0101026,5.12317,53,,
1.007247,5.153998,54,,
0.9983558,5.184825,55,,
1.0123092,5.19456,56,,
1.0110112,5.223765,57,,
0.9987452,5.261082,58,,
0.9990698,5.275685,59,,
1.0000432,5.293532,60,,
0.999589,5.327605,61,,
1.0123092,5.350319,62,,
1.0095834,5.371412,63,,
1.0077014,5.395749,64,,
1.0013412,5.426577,65,,
1.0107516,5.442802,66,,
0.9996538,5.459027,67,,
1.009194,5.483364,68,,
1.0009518,5.507701,69,,
1.0006922,5.525549,70,,
0.999589,5.545019,71,,
1.0084802,5.575846,72,,
1.0106218,5.588826,73,,
1.0089994,5.622898,74,,
1.0093238,5.640746,75,,
0.9971876,5.655348,76,,
1.0093238,5.678063,77,,
1.0016658,5.692666,78,,
1.009194,5.707268,79,,
0.9999134,5.729983,80,,
1.0007572,5.764055,81,,
0.9993942,5.759188,82,,
0.998226,5.798128,83,,
0.9999784,5.822465,84,,
1.0017956,5.841935,85,,
1.008545,5.85167,86,,
1.0071172,5.876007,87,,
1.0006922,5.88412,88,,
1.0077662,5.91008,89,,
1.0003678,5.934417,90,,
1.0007572,5.945774,91,,
1.0090642,5.961999,92,,
0.9988102,5.981469,93,,
0.9994592,5.979847,94,,
1.0003678,6.020409,95,,
0.9980962,6.044746,96,,
0.9980962,6.056104,97,,
1.0010168,6.077196,98,,
1.0080908,6.090176,99,,
0.9986154,6.106401,100,,
1.009843,6.121004,101,,
0.9998486,6.137228,102,,
1.0086748,6.151831,103,,
1.0089344,6.172923,104,,
1.0003678,6.190771,105,,
0.998226,6.181036,106,,
1.0007572,6.232955,107,,
1.0025744,6.239445,108,,
0.9990048,6.263783,109,,
0.999524,6.283253,110,,
1.000238,6.289743,111,,
0.9990048,6.309213,112,,
0.9990048,6.318948,113,,
1.0010168,6.344907,114,,
0.9993294,6.361132,115,,
0.998291,6.362755,116,,
1.0113358,6.380602,117,,
1.0101026,6.406562,118,,
1.0062086,6.413052,119,,
1.0012764,6.426032,120,,
1.009843,6.447124,121,,
1.0080258,6.455237,122,,
1.000887,6.479574,123,,
1.0097132,6.494177,124,,
0.9999784,6.515269,125,,
1.0122442,6.531494,126,,
1.0100378,6.536361,127,,
1.0078312,6.559076,128,,
1.011141,6.560699,129,,
1.0016008,6.583414,130,,
1.0069226,6.601261,131,,
1.0007572,6.612618,132,,
1.0103622,6.653181,133,,
1.0075716,6.638578,134,,
1.0012764,6.654803,135,,
1.0095834,6.671028,136,,
1.0089344,6.690498,137,,
1.0115304,6.706723,138,,
1.010557,6.716458,139,,
1.006663,6.72457,140,,
1.0011466,6.742418,141,,
1.009259,6.752153,142,,
0.9988102,6.768378,143,,
1.0099728,6.778113,144,,
1.0081556,6.797582,145,,
0.9959546,6.81543,146,,
1.0005624,6.81543,147,,
1.0106868,6.831655,148,,
1.0062736,6.859237,149,,
1.0110762,6.872217,150,,
0.9990048,6.885197,151,,
1.0089344,6.888442,152,,
1.0006274,6.907912,153,,
1.0078312,6.911157,154,,
0.9984208,6.925759,155,,
1.0093238,6.935494,156,,
1.007247,6.951719,157,,
1.0076364,6.976056,158,,
1.0096484,6.976056,159,,
1.007896,6.993904,160,,
1.000887,7.008506,161,,
1.007247,7.027976,162,,
1.0010816,7.034466,163,,
1.0101676,7.045824,164,,
1.0095834,7.057181,165,,
1.0071822,7.075028,166,,
1.0011466,7.088008,167,,
0.9992644,7.086386,168,,
0.998291,7.100988,169,,
1.0006922,7.112346,170,,
1.0091292,7.135061,171,,
1.0004326,7.146418,172,,
1.009194,7.152908,173,,
1.0011466,7.169133,174,,
1.011206,7.18049,175,,
1.0084152,7.19996,176,,
0.9988102,7.21294,177,,
1.0109464,7.21294,178,,
1.0104272,7.230787,179,,
1.006598,7.242145,180,,
1.0037424,7.24539,181,,
0.998875,7.266482,182,,
1.0080258,7.27135,183,,
1.0101026,7.29082,184,,
0.9990698,7.292442,185,,
1.0005624,7.320024,186,,
1.0097132,7.321647,187,,
0.998226,7.336249,188,,
1.0101676,7.350852,189,,
0.9993294,7.352474,190,,
1.0064034,7.373567,191,,
1.0102324,7.371944,192,,
1.0075066,7.404394,193,,
1.0110762,7.401149,194,,
1.0088046,7.418996,195,,
1.0074418,7.427109,196,,
1.0032882,7.443334,197,,
1.009259,7.456314,198,,
1.0073768,7.457936,199,,
1.267299,7.474161,200,,
1.2599004,7.496876,201,,
1.2597058,7.524458,202,,
1.261458,7.534193,203,,
1.2607442,7.548795,204,,
1.2561362,7.561775,205,,
1.2598356,7.58449,206,,
1.2599004,7.600715,207,,
1.258927,7.620185,208,,
1.2501006,7.631542,209,,
1.2604196,7.651012,210,,
1.2612634,7.654257,211,,
1.260809,7.67535,212,,
1.2611336,7.693197,213,,
1.2513986,7.711044,214,,
1.2589918,7.730514,215,,
1.2521126,7.746739,216,,
1.2591216,7.764587,217,,
1.2499708,7.775944,218,,
1.2611336,7.780812,219,,
1.2624964,7.803526,220,,
1.2599654,7.827864,221,,
1.2594462,7.839221,222,,
1.251139,7.850579,223,,
1.26016,7.866803,224,,
1.2624316,7.871671,225,,
1.260225,7.889518,226,,
1.2497112,7.907366,227,,
1.252502,7.923591,228,,
1.2494516,7.931703,229,,
1.2523722,7.944683,230,,
1.2507496,7.967398,231,,
1.2599004,7.978755,232,,
1.2513986,7.99498,233,,
1.2503602,8.011205,234,,
1.2523072,8.022562,235,,
1.2530212,8.05339,236,,
1.2599004,8.05339,237,,
1.260809,8.071237,238,,
1.2495166,8.077727,239,,
1.2619772,8.097197,240,,
1.25049,8.106932,241,,
1.2600302,8.128024,242,,
1.2602898,8.131269,243,,
1.260809,8.147494,244,,
1.2616528,8.162096,245,,
1.2586674,8.181566,246,,
1.2529562,8.186434,247,,
1.2508146,8.207526,248,,
1.2509444,8.230241,249,,
1.2618474,8.239976,250,,
1.2489324,8.252956,251,,
1.251853,8.252956,252,,
1.2597706,8.285406,253,,
1.2530212,8.290273,254,,
1.249841,8.298385,255,,
1.260874,8.30812,256,,
1.260874,8.329213,257,,
1.2612634,8.338948,258,,
1.253086,8.351928,259,,
1.2599004,8.369775,260,,
1.253151,8.381132,261,,
1.2510092,8.381132,262,,
1.2540596,8.403847,263,,
1.2604846,8.420072,264,,
1.258278,8.441164,265,,
1.251853,8.441164,266,,
1.2604846,8.467124,267,,
1.260809,8.473614,268,,
1.250555,8.499574,269,,
1.2616528,8.502819,270,,
1.2594462,8.509309,271,,
1.2512688,8.520666,272,,
1.2513338,8.533646,273,,
1.2571098,8.549871,274,,
1.2516582,8.569341,275,,
1.2508794,8.585566,276,,
1.2517232,8.585566,277,,
1.2594462,8.608281,278,,
1.2612634,8.622883,279,,
0.9591568,8.616393,280,,
0.9593514,8.619638,281,,
0.9608442,8.635863,282,,
0.9683076,8.64722,283,,
0.9675288,8.65371,284,,
0.9600654,8.652088,285,,
0.958962,8.6602,286,,
0.9597408,8.66669,287,,
0.9585078,8.671558,288,,
0.9601302,8.687783,289,,
0.9603898,8.69265,290,,
0.9604548,8.69914,291,,
0.9590918,8.70563,292,,
0.9587674,8.71212,293,,
0.9601952,8.71861,294,,
0.967983,8.723477,295,,
0.9688268,8.75755,296,,
0.971293,8.749437,297,,
0.9595462,8.75106,298,,
0.9581184,8.762417,299,,
0.9681778,8.780264,300,,
0.9595462,8.780264,301,,
0.9585078,8.783509,302,,
0.9702546,8.785132,303,,
0.9698652,8.799734,304,,
0.9665552,8.804602,305,,
0.9601952,8.809469,306,,
0.9598706,8.820827,307,,
0.9586376,8.837052,308,,
0.960325,8.833807,309,,
0.969346,8.843541,310,,
0.9681778,8.853276,311,,
0.9696704,8.858144,312,,
0.9601302,8.869501,313,,
0.9586376,8.879236,314,,
0.9700598,8.880859,315,,
0.9590918,8.893839,316,,
0.9597408,8.897084,317,,
0.9599356,8.908441,318,,
0.9691512,8.908441,319,,
0.9690214,8.921421,320,,
0.9600654,8.934401,321,,
0.9592866,8.936023,322,,
0.9696056,8.942513,323,,
0.9585078,8.952248,324,,
0.9685022,8.955493,325,,
0.9691512,8.968473,326,,
0.967334,8.983075,327,,
0.9694758,8.984698,328,,
0.9598058,8.97983,329,,
0.9676586,8.994433,330,,
0.9685672,9.007413,331,,
0.9683724,9.009035,332,,
0.9585726,9.017148,333,,
0.9634402,9.023638,334,,
0.9585078,9.033372,335,,
0.9588972,9.039862,336,,
0.9606494,9.049597,337,,
0.9659062,9.052842,338,,
0.960909,9.034995,339,,
0.9676586,9.078802,340,,
0.9672692,9.075557,341,,
0.9610388,9.099894,342,,
0.9670096,9.091782,343,,
0.9685672,9.103139,344,,
0.9689566,9.111252,345,,
0.9581832,9.119364,346,,
0.9603898,9.122609,347,,
0.9585726,9.124232,348,,
0.9591568,9.133967,349,,
0.96026,9.140457,350,,
0.9690214,9.153437,351,,
0.9716822,9.172906,352,,
0.9590918,9.172906,353,,
0.9584428,9.174529,354,,
0.9580534,9.176151,355,,
0.9585726,9.206979,356,,
0.9694758,9.195621,357,,
0.968632,9.218336,358,,
0.9581832,9.216714,359,,
0.9581832,9.218336,360,,
0.962272,9.231316,361,,
0.9703844,9.239428,362,,
0.9592216,9.244296,363,,
0.9579886,9.245918,364,,
0.9605196,9.244296,365,,
0.9565608,9.267011,366,,
0.959027,9.271878,367,,
0.968697,9.283236,368,,
0.9580534,9.284858,369,,
0.9606494,9.29297,370,,
0.9688268,9.302705,371,,
0.959027,9.310818,372,,
0.9594164,9.317308,373,,
0.96675,9.322175,374,,
0.9611038,9.32542,375,,
0.970644,9.33191,376,,
0.9587024,9.33191,377,,
0.9710334,9.349757,378,,
0.9580534,9.356247,379,,
0.9605846,9.36436,380,,
0.9690214,9.372472,381,,
0.9702546,9.333533,382,,
0.9619474,9.378962,383,,
0.958313,9.39681,384,,
0.9697354,9.391942,385,,
0.967334,9.409789,386,,
0.9580534,9.417902,387,,
0.9593514,9.416279,388,,
0.967399,9.426014,389,,
0.96026,9.437372,390,,
0.9585726,9.438994,391,,
0.9603898,9.458464,392,,
0.9696056,9.460087,393,,
0.9679182,9.461709,394,,
0.959611,9.466577,395,,
0.958378,9.482801,396,,
0.962921,9.481179,397,,
0.9588322,9.484424,398,,
0.959027,9.464954,399,,
0.959676,9.494159,400,,
1.2510742,9.523364,401,,
1.251788,9.534721,402,,
1.2519178,9.541211,403,,
1.2552926,9.557436,404,,
1.2600952,9.572038,405,,
1.251204,9.578528,406,,
1.261458,9.591508,407,,
1.259576,9.615845,408,,
1.2619772,9.6126,409,,
1.262172,9.628825,410,,
1.2501656,9.633693,411,,
1.251788,9.646673,412,,
1.2512688,9.648295,413,,
1.2592514,9.656407,414,,
1.252437,9.672632,415,,
1.2521774,9.68399,416,,
1.2566554,9.69697,417,,
1.2516582,9.708327,418,,
1.2610038,9.716439,419,,
1.2509444,9.724552,420,,
1.2519178,9.744022,421,,
1.2503602,9.748889,422,,
1.2623018,9.757002,423,,
1.2519828,9.768359,424,,
1.2617176,9.781339,425,,
1.2612634,9.795941,426,,
1.2500358,9.813789,427,,
1.2516582,9.810544,428,,
1.2499708,9.821901,429,,
1.2600952,9.857596,430,,
1.2609388,9.834881,431,,
1.2521126,9.854351,432,,
1.2602898,9.872198,433,,
1.2522424,9.872198,434,,
1.2508794,9.8868,435,,
1.2519828,9.89329,436,,
1.2584078,9.901403,437,,
1.2617826,9.91925,438,,
1.2606792,9.92574,439,,
1.2529562,9.93872,440,,
1.2504252,9.948455,441,,
1.2509444,9.956567,442,,
1.259576,9.966302,443,,
1.2617826,9.979282,444,,
1.2590568,9.98415,445,,
1.2513986,9.992262,446,,
1.249906,10.011732,447,,
1.2613932,10.013354,448,,
1.249841,10.032824,449,,
1.251788,10.026334,450,,
1.2500358,10.049049,451,,
1.2515934,10.058784,452,,
1.2500358,10.065274,453,,
1.2521126,10.070141,454,,
1.249906,10.079876,455,,
1.2609388,10.118816,456,,
1.2603548,10.099346,457,,
1.2603548,10.105836,458,,
1.2617176,10.125306,459,,
1.2512688,10.128551,460,,
1.2507496,10.139908,461,,
1.2606792,10.151266,462,,
1.2584726,10.157756,463,,
1.251139,10.172358,464,,
1.2612634,10.18047,465,,
1.2606144,10.190205,466,,
1.2603548,10.201563,467,,
1.259576,10.214543,468,,
1.2522424,10.21941,469,,
1.2499708,10.230767,470,,
1.2610038,10.23888,471,,
1.2593164,10.250237,472,,
1.2612634,10.255105,473,,
1.2596408,10.259972,474,,
1.2617826,10.274575,475,,
1.2598356,10.285932,476,,
1.2496464,10.303779,477,,
1.2502954,10.315137,478,,
1.261523,10.315137,479,,
1.251139,10.323249,480,,
1.262107,10.341096,481,,
1.25049,10.344341,482,,
1.2507496,10.349209,483,,
1.251139,10.363811,484,,
1.2592514,10.367056,485,,
1.2515284,10.389771,486,,
1.250555,10.393016,487,,
1.2515934,10.407618,488,,
1.2617826,10.415731,489,,
1.2617826,10.417353,490,,
1.2529562,10.431956,491,,
1.2604196,10.438446,492,,
1.2507496,10.451425,493,,
1.2606792,10.451425,494,,
1.2604846,10.46765,495,,
1.2521774,10.485498,496,,
1.2590568,10.495233,497,,
1.251853,10.495233,498,,
1.2501006,10.511457,499,,
1.2624964,10.521192,500,,
1.2506198,10.51957,501,,
0.9985506,10.52606,502,,
0.9997188,10.537417,503,,
1.009194,10.535795,504,,
0.9986804,10.540662,505,,
1.0076364,10.54553,506,,
1.0071172,10.579602,507,,
0.998226,10.558509,508,,
1.0004326,10.564999,509,,
1.0007572,10.576357,510,,
1.011141,10.574734,511,,
1.0095186,10.586092,512,,
1.0089344,10.595827,513,,
1.0101676,10.595827,514,,
1.0083504,10.605561,515,,
1.0093888,10.608806,516,,
1.0078312,10.618541,517,,
0.9990048,10.631521,518,,
1.0010168,10.623409,519,,
1.0103622,10.633144,520,,
0.9985506,10.642879,521,,
1.0101026,10.650991,522,,
1.0001082,10.659103,523,,
0.9988102,10.657481,524,,
0.9996538,10.672083,525,,
0.9998486,10.675328,526,,
0.997642,10.678573,527,,
1.0108166,10.693176,528,,
1.0088046,10.691553,529,,
1.0084802,10.701288,530,,
1.0023796,10.714268,531,,
0.9997188,10.707778,532,,
0.9985506,10.719135,533,,
1.0011466,10.74834,534,,
1.0070524,10.73536,535,,
0.999524,10.75483,536,,
1.0110112,10.745095,537,,
0.9988102,10.749963,538,,
1.0102324,10.762943,539,,
1.000173,10.772677,540,,
0.9986154,10.769432,541,,
1.0010168,10.779167,542,,
0.999589,10.782412,543,,
0.9992644,10.784035,544,,
1.0095834,10.79377,545,,
0.9994592,10.79377,546,,
1.0076364,10.80026,547,,
1.0106218,10.809995,548,,
1.0075716,10.824597,549,,
1.010557,10.829464,550,,
1.009194,10.831087,551,,
0.9977068,10.824597,552,,
1.0006274,10.858669,553,,
1.0075716,10.845689,554,,
1.0096484,10.861914,555,,
1.0077662,10.870026,556,,
1.0075716,10.879761,557,,
1.0014062,10.881384,558,,
0.9991996,10.886251,559,,
1.0102974,10.887874,560,,
1.009908,10.904099,561,,
1.007961,10.920323,562,,
1.009908,10.902476,563,,
1.0096484,10.915456,564,,
0.9999134,10.921946,565,,
1.0006922,10.926813,566,,
1.007961,10.938171,567,,
1.009194,10.931681,568,,
1.0024446,10.949528,569,,
1.009843,10.954396,570,,
1.00861,10.962508,571,,
0.9979664,10.960886,572,,
1.0114006,10.962508,573,,
1.0102324,10.978733,574,,
1.0094536,10.978733,575,,
1.0036126,10.980355,576,,
0.9966036,10.980355,577,,
1.0088696,10.998203,578,,
0.9991996,10.998203,579,,
1.0097132,11.00307,580,,
1.0000432,11.019295,581,,
0.9990698,11.014428,582,,
1.0004976,11.03552,583,,
1.0094536,11.033897,584,,
1.0113358,11.043632,585,,
0.999524,11.050122,586,,
1.0080908,11.05499,587,,
1.0119198,11.06797,588,,
1.0070524,11.06148,589,,
1.0014062,11.076082,590,,
1.0091292,11.077704,591,,
1.011141,11.089062,592,,
0.9999784,11.087439,593,,
0.9997836,11.100419,594,,
1.0104272,11.108532,595,,
1.0075066,11.084194,596,,
1.0114656,11.116644,597,,
1.0084152,11.121512,598,,
1.010492,11.128001,599,,
1.2785266,11.132869,600,,
1.2501006,11.142604,601,,
1.2603548,11.147471,602,,
1.251139,11.160451,603,,
1.2606144,11.181543,604,,
1.2513338,11.181543,605,,
1.2517232,11.189656,606,,
1.2515284,11.197768,607,,
1.2509444,11.218861,608,,
1.2500358,11.222106,609,,
1.2522424,11.23833,610,,
1.2618474,11.236708,611,,
1.2496464,11.248065,612,,
1.2599004,11.27727,613,,
1.2515934,11.272403,614,,
1.2606792,11.275648,615,,
1.2502304,11.278892,616,,
1.2600952,11.291872,617,,
1.260225,11.30323,618,,
1.260225,11.306475,619,,
1.26016,11.327567,620,,
1.2499708,11.329189,621,,
1.2521774,11.330812,622,,
1.2489324,11.355149,623,,
1.2613282,11.348659,624,,
1.2530212,11.360017,625,,
1.2591216,11.369752,626,,
1.2620422,11.377864,627,,
1.2598356,11.392466,628,,
1.2506198,11.392466,629,,
1.2598356,11.415181,630,,
1.2509444,11.418426,631,,
1.2623018,11.411936,632,,
1.2599004,11.423294,633,,
1.2578236,11.439518,634,,
1.2599654,11.446008,635,,
1.2506198,11.447631,636,,
1.260874,11.465478,637,,
1.2600302,11.481703,638,,
1.2624964,11.468723,639,,
1.2510092,11.483325,640,,
1.2604846,11.49306,641,,
1.2506198,11.496305,642,,
1.2611984,11.504418,643,,
1.260225,11.515775,644,,
1.2597058,11.535245,645,,
1.2515284,11.543357,646,,
1.2622368,11.55796,647,,
1.2625614,11.55147,648,,
1.2506848,11.556337,649,,
1.251788,11.56445,650,,
1.2622368,11.579052,651,,
1.2515284,11.583919,652,,
1.2487378,11.600144,653,,
1.2519178,11.601767,654,,
1.2500358,11.609879,655,,
1.262756,11.613124,656,,
1.260225,11.630971,657,,
1.2610038,11.635839,658,,
1.2632104,11.647196,659,,
1.2597706,11.653686,660,,
1.2623018,11.665044,661,,
1.2515934,11.669911,662,,
1.2502954,11.674778,663,,
1.2618474,11.689381,664,,
1.2597706,11.702361,665,,
1.2623018,11.697493,666,,
1.251788,11.702361,667,,
1.2579534,11.72183,668,,
1.2530212,11.720208,669,,
1.2609388,11.739678,670,,
1.2613932,11.742923,671,,
1.2635998,11.757525,672,,
1.2605494,11.768882,673,,
1.2602898,11.765637,674,,
1.2591216,11.772127,675,,
1.262107,11.785107,676,,
1.2534754,11.801332,677,,
1.2500358,11.809445,678,,
1.2516582,11.8062,679,,
1.2593164,11.819179,680,,
1.2523072,11.825669,681,,
1.2604846,11.841894,682,,
1.2610038,11.843517,683,,
1.2502304,11.854874,684,,
1.2600302,11.853252,685,,
1.251788,11.862986,686,,
1.249906,11.871099,687,,
1.2631454,11.880834,688,,
1.2592514,11.884079,689,,
1.2603548,11.911661,690,,
1.2501006,11.893814,691,,
1.2611984,11.918151,692,,
1.2603548,11.914906,693,,
1.2495814,11.923018,694,,
1.2512688,11.934376,695,,
1.2585376,11.935998,696,,
1.251139,11.953846,697,,
1.2489974,11.960335,698,,
1.2597058,11.965203,699,,
0.9984856,11.973315,700,,
0.999524,11.981428,701,,
1.0077662,11.98305,702,,
0.9993942,11.994408,703,,
1.0082854,11.99603,704,,
1.0088696,11.992785,705,,
1.0077662,12.00252,706,,
1.0082854,12.007387,707,,
1.0032882,12.010632,708,,
1.009843,12.017122,709,,
0.9998486,12.026857,710,,
0.9988102,12.023612,711,,
1.00861,12.03497,712,,
1.008545,12.036592,713,,
0.9994592,12.047949,714,,
1.0089344,12.047949,715,,
1.0005624,12.043082,716,,
0.9996538,12.052817,717,,
1.0006274,12.069042,718,,
1.0004976,12.069042,719,,
1.0094536,12.072287,720,,
1.0005624,12.085267,721,,
1.0088046,12.085267,722,,
0.9991996,12.088512,723,,
1.0007572,12.096624,724,,
0.9998486,12.096624,725,,
1.0038722,12.111226,726,,
0.9991346,12.112849,727,,
1.009843,12.112849,728,,
0.9979664,12.138809,729,,
1.0082854,12.133941,730,,
1.0096484,12.140431,731,,
0.9991346,12.143676,732,,
1.0101026,12.140431,733,,
1.0096484,12.153411,734,,
1.0088696,12.155033,735,,
1.0084802,12.155033,736,,
0.9998486,12.163146,737,,
1.0110112,12.176126,738,,
0.999589,12.182616,739,,
1.0094536,12.195595,740,,
1.000887,12.19884,741,,
1.0077014,12.195595,742,,
1.0016008,12.19884,743,,
1.0086748,12.210198,744,,
1.0089994,12.213443,745,,
1.000173,12.21831,746,,
0.9988102,12.221555,747,,
1.0006274,12.229668,748,,
0.99894,12.226423,749,,
1.0107516,12.26374,750,,
1.007312,12.247515,751,,
1.0003678,12.25725,752,,
1.0104272,12.271852,753,,
1.0078312,12.268607,754,,
0.9999134,12.268607,755,,
1.0073768,12.27672,756,,
1.0107516,12.279964,757,,
0.9977068,12.284832,758,,
1.0019902,12.284832,759,,
0.9988102,12.297812,760,,
1.0095186,12.296189,761,,
0.9990048,12.305924,762,,
1.0006274,12.310792,763,,
0.9996538,12.320527,764,,
1.0010816,12.331884,765,,
1.00861,12.327016,766,,
1.0121794,12.338374,767,,
0.9997188,12.343241,768,,
1.009194,12.341619,769,,
1.0110112,12.354599,770,,
0.999589,12.352976,771,,
0.998291,12.367579,772,,
1.009843,12.367579,773,,
1.0006274,12.375691,774,,
1.0068576,12.382181,775,,
1.0006922,12.396783,776,,
0.9988102,12.385426,777,,
1.000822,12.396783,778,,
1.0001082,12.395161,779,,
1.0023796,12.401651,780,,
0.9997188,12.41463,781,,
1.0091292,12.417875,782,,
1.0083504,12.424365,783,,
1.000173,12.42761,784,,
1.0093238,12.437345,785,,
1.0077662,12.422743,786,,
1.0003028,12.45357,787,,
1.0078312,12.450325,788,,
1.0104272,12.455193,789,,
1.0077014,12.463305,790,,
1.0005624,12.46655,791,,
0.9993294,12.469795,792,,
1.0096484,12.464927,793,,
0.9987452,12.482775,794,,
1.0101026,12.489265,795,,
1.0076364,12.487642,796,,
1.000822,12.494132,797,,
1.0003028,12.500622,798,,
1.0077662,12.515224,799,,
1.284757,12.521714,800,,
1.2586674,12.534694,801,,
1.2612634,12.533072,802,,
1.254449,12.539562,803,,
1.26016,12.554164,804,,
1.2593812,12.554164,805,,
1.2605494,12.560654,806,,
1.2605494,12.575256,807,,
1.25049,12.586614,808,,
1.2606144,12.596348,809,,
1.251853,12.589859,810,,
1.259511,12.606083,811,,
1.261458,12.612573,812,,
1.2602898,12.622308,813,,
1.2599654,12.630421,814,,
1.2632752,12.640155,815,,
1.2603548,12.6434,816,,
1.2591216,12.65638,817,,
1.2633402,12.653135,818,,
1.2599004,12.664493,819,,
1.2502954,12.672605,820,,
1.2615878,12.683962,821,,
1.2512688,12.68883,822,,
1.2602898,12.69532,823,,
1.2586024,12.705055,824,,
1.2519828,12.7083,825,,
1.2501006,12.734259,826,,
1.261458,12.753729,827,,
1.2591216,12.735882,828,,
1.2609388,12.740749,829,,
1.2523072,12.748862,830,,
1.249841,12.761842,831,,
1.252502,12.761842,832,,
1.2590568,12.771576,833,,
1.251853,12.784556,834,,
1.2599654,12.795914,835,,
1.2613282,12.794291,836,,
1.2507496,12.808894,837,,
1.2515284,12.815383,838,,
1.2617176,12.818628,839,,
1.2508794,12.825118,840,,
1.2599654,12.826741,841,,
1.2502954,12.849456,842,,
1.2604846,12.847833,843,,
1.2489324,12.86568,844,,
1.2619772,12.860813,845,,
1.2513986,12.877038,846,,
1.2619772,12.87866,847,,
1.2612634,12.890018,848,,
1.261458,12.899753,849,,
1.2577588,12.907865,850,,
1.2605494,12.909487,851,,
1.2508794,12.922467,852,,
1.2508794,12.93707,853,,
1.261523,12.933825,854,,
1.2611336,12.927335,855,,
1.2526966,12.946804,856,,
1.2606144,12.953294,857,,
1.2589918,12.966274,858,,
1.2594462,12.977632,859,,
1.261458,12.976009,860,,
1.250555,12.992234,861,,
1.2530212,12.995479,862,,
1.2501656,12.997101,863,,
1.2521774,13.010081,864,,
1.2519828,13.016571,865,,
1.252437,13.019816,866,,
1.2526318,13.024684,867,,
1.2610038,13.036041,868,,
1.2506848,13.042531,869,,
1.262107,13.040908,870,,
1.250555,13.066868,871,,
1.2514636,13.066868,872,,
1.2594462,13.068491,873,,
1.2495166,13.079848,874,,
1.260225,13.086338,875,,
1.2490622,13.084715,876,,
1.2495814,13.109053,877,,
1.2536052,13.118787,878,,
1.26016,13.117165,879,,
1.2587972,13.125277,880,,
1.2501006,13.128522,881,,
1.2612634,13.149615,882,,
1.2506848,13.15286,883,,
1.2599004,13.151237,884,,
1.2600952,13.160972,885,,
1.2616528,13.173952,886,,
1.2509444,13.188554,887,,
1.251139,13.182064,888,,
1.2616528,13.196667,889,,
1.2609388,13.206401,890,,
1.2612634,13.203156,891,,
1.2613282,13.211269,892,,
1.2501656,13.230739,893,,
1.252502,13.225871,894,,
1.261523,13.238851,895,,
1.2513986,13.238851,896,,
1.260809,13.250208,897,,
1.2580832,13.261566,898,,
1.2604196,13.269678,899,,
1.0269764,13.268056,900,,
0.9996538,13.277791,901,,
1.0019902,13.279413,902,,
1.0007572,13.285903,903,,
1.0108814,13.29726,904,,
1.0114006,13.298883,905,,
0.998875,13.294015,906,,
1.0086748,13.300505,907,,
1.00212,13.308618,908,,
0.9990698,13.315108,909,,
1.007961,13.324843,910,,
1.0094536,13.324843,911,,
1.0095186,13.319975,912,,
1.007961,13.331332,913,,
1.0011466,13.337822,914,,
1.0087398,13.341067,915,,
1.007896,13.345935,916,,
0.9985506,13.354047,917,,
1.0097132,13.358915,918,,
1.0010168,13.352425,919,,
1.010492,13.354047,920,,
0.9994592,13.392987,921,,
0.9984856,13.384874,922,,
1.0005624,13.384874,923,,
1.0100378,13.389742,924,,
1.0075066,13.381629,925,,
1.0019254,13.388119,926,,
1.0007572,13.399477,927,,
1.0088046,13.392987,928,,
1.0006274,13.405967,929,,
1.009843,13.412456,930,,
1.0101026,13.425436,931,,
1.0073768,13.420569,932,,
1.0018604,13.430304,933,,
0.9994592,13.431926,934,,
1.0001082,13.443284,935,,
0.9994592,13.436794,936,,
1.007896,13.453018,937,,
1.000173,13.465998,938,,
0.99894,13.453018,939,,
1.0116602,13.474111,940,,
0.9990048,13.470866,941,,
1.0099728,13.483846,942,,
0.9997836,13.487091,943,,
1.0104272,13.487091,944,,
0.9999134,13.496825,945,,
1.0084152,13.491958,946,,
1.0001082,13.488713,947,,
1.0076364,13.503315,948,,
1.0006274,13.517918,949,,
1.0082854,13.51954,950,,
1.0010168,13.52603,951,,
0.9990048,13.529275,952,,
1.0010816,13.537387,953,,
0.9990698,13.540632,954,,
1.0006922,13.548745,955,,
0.9984208,13.553612,956,,
0.9999134,13.548745,957,,
1.009908,13.566592,958,,
0.9999134,13.563347,959,,
1.000173,13.574705,960,,
0.9990048,13.574705,961,,
1.000822,13.574705,962,,
0.9988102,13.587684,963,,
1.011141,13.576327,964,,
0.9970578,13.595797,965,,
1.0011466,13.600664,966,,
0.999589,13.605532,967,,
1.0004976,13.613644,968,,
1.0096484,13.616889,969,,
1.0100378,13.615267,970,,
1.0094536,13.615267,971,,
1.0087398,13.639604,972,,
1.0089994,13.626624,973,,
0.99894,13.633114,974,,
1.0097132,13.644471,975,,
0.9988102,13.646094,976,,
1.00212,13.657451,977,,
1.0082206,13.655829,978,,
1.0012764,13.654206,979,,
0.9977718,13.678543,980,,
1.009908,13.644471,981,,
1.0095186,13.685033,982,,
1.0088696,13.675298,983,,
1.0001082,13.686656,984,,
0.9992644,13.681788,985,,
1.0093238,13.701258,986,,
1.0070524,13.694768,987,,
1.0096484,13.706125,988,,
1.0067278,13.719105,989,,
1.0093238,13.719105,990,,
1.0080908,13.717483,991,,
1.0108814,13.725595,992,,
1.0089344,13.738575,993,,
1.0115954,13.745065,994,,
0.9990048,13.740197,995,,
1.0009518,13.751555,996,,
0.9994592,13.759667,997,,
1.0102974,13.77427,998,,
1.0107516,13.76129,999,,
1.2624964,13.775892,1000,,
1.252502,13.790494,1001,,
1.251139,13.795362,1002,,
1.2612634,13.806719,1003,,
1.2605494,13.805097,1004,,
1.2510742,13.813209,1005,,
1.251853,13.824566,1006,,
1.251853,13.827811,1007,,
1.2506198,13.842414,1008,,
1.2508794,13.840791,1009,,
1.2521126,13.852149,1010,,
1.2604196,13.863506,1011,,
1.25049,13.866751,1012,,
1.2619772,13.866751,1013,,
1.2516582,13.868373,1014,,
1.2592514,13.899201,1015,,
1.2604846,13.889466,1016,,
1.260225,13.908935,1017,,
1.2510742,13.913803,1018,,
1.2625614,13.921915,1019,,
1.2586674,13.91867,1020,,
1.2515934,13.933273,1021,,
1.2514636,13.94463,1022,,
1.2507496,13.941385,1023,,
1.2626912,13.954365,1024,,
1.260225,13.962477,1025,,
1.2526318,13.972212,1026,,
1.261523,13.975457,1027,,
1.2604196,13.978702,1028,,
1.2609388,13.994927,1029,,
1.2609388,13.996549,1030,,
1.258862,13.996549,1031,,
1.2599654,14.011152,1032,,
1.251853,14.007907,1033,,
1.2622368,14.022509,1034,,
1.2520476,14.030621,1035,,
1.2623666,14.037111,1036,,
1.2591866,14.045224,1037,,
1.252502,14.051714,1038,,
1.2591866,14.064693,1039,,
1.2534754,14.061448,1040,,
1.250555,14.056581,1041,,
1.2598356,14.079296,1042,,
1.260225,14.090653,1043,,
1.2512688,14.098766,1044,,
1.252502,14.105255,1045,,
1.2508146,14.106878,1046,,
1.26016,14.111745,1047,,
1.2508794,14.12148,1048,,
1.2577588,14.132838,1049,,
1.2514636,14.137705,1050,,
1.2534754,14.14744,1051,,
1.258278,14.145817,1052,,
1.2635348,14.150685,1053,,
1.249906,14.16042,1054,,
1.2609388,14.170155,1055,,
1.2610686,14.179889,1056,,
1.2504252,14.189624,1057,,
1.2516582,14.181512,1058,,
1.262172,14.196114,1059,,
1.2502954,14.202604,1060,,
1.2609388,14.205849,1061,,
1.2506848,14.222074,1062,,
1.2521126,14.225319,1063,,
1.259576,14.225319,1064,,
1.2612634,14.233431,1065,,
1.2591866,14.252901,1066,,
1.2629508,14.257768,1067,,
1.2501006,14.262636,1068,,
1.2519828,14.262636,1069,,
1.2502304,14.270748,1070,,
1.2622368,14.282106,1071,,
1.2506198,14.286973,1072,,
1.2607442,14.299953,1073,,
1.260809,14.308065,1074,,
1.2501006,14.312933,1075,,
1.2521126,14.319423,1076,,
1.2506848,14.3178,1077,,
1.2613282,14.335647,1078,,
1.2604196,14.332403,1079,,
1.251788,14.345382,1080,,
1.2509444,14.342137,1081,,
1.249906,14.355117,1082,,
1.2523072,14.358362,1083,,
1.2602898,14.366475,1084,,
1.2521774,14.377832,1085,,
1.2599004,14.381077,1086,,
1.262756,14.387567,1087,,
1.2598356,14.403792,1088,,
1.2504252,14.410282,1089,,
1.2521774,14.402169,1090,,
1.2529562,14.416771,1091,,
1.251853,14.444354,1092,,
1.2609388,14.439486,1093,,
1.2596408,14.444354,1094,,
1.261458,14.436241,1095,,
1.260809,14.455711,1096,,
1.2599004,14.424884,1097,,
1.2717122,14.467068,1098,,
1.258862,14.478426,1099,,
1.0003028,14.480048,1100,,
1.0006274,14.483293,1101,,
1.0009518,14.481671,1102,,
1.000822,14.493028,1103,,
0.9998486,14.49465,1104,,
1.000238,14.491405,1105,,
1.0107516,14.499518,1106,,
1.0013412,14.50763,1107,,
1.0084802,14.50763,1108,,
1.0075716,14.5271,1109,,
1.0011466,14.528722,1110,,
0.9997188,14.523855,1111,,
0.9985506,14.530345,1112,,
0.9994592,14.536835,1113,,
0.9980962,14.54657,1114,,
1.0001082,14.54657,1115,,
1.008545,14.54008,1116,,
1.0088696,14.549815,1117,,
1.0108814,14.551437,1118,,
1.0080908,14.567662,1119,,
0.9997188,14.567662,1120,,
1.010557,14.582264,1121,,
1.0089344,14.579019,1122,,
1.0102324,14.575774,1123,,
0.9999134,14.583887,1124,,
0.9990048,14.587132,1125,,
1.0011466,14.601734,1126,,
0.9987452,14.604979,1127,,
1.0012764,14.613091,1128,,
1.0100378,14.604979,1129,,
1.0090642,14.621204,1130,,
1.0014062,14.617959,1131,,
1.0088696,14.634184,1132,,
1.009194,14.632561,1133,,
1.0073768,14.627694,1134,,
1.0102974,14.629316,1135,,
1.0093888,14.643918,1136,,
1.0075716,14.648786,1137,,
1.0097132,14.655276,1138,,
0.9990698,14.661766,1139,,
1.0006274,14.665011,1140,,
0.9992644,14.671501,1141,,
1.0081556,14.669878,1142,,
1.0006922,14.68448,1143,,
0.998875,14.692593,1144,,
1.010492,14.686103,1145,,
1.0075716,14.692593,1146,,
1.0084152,14.700705,1147,,
1.0003678,14.699083,1148,,
1.007961,14.708818,1149,,
1.0096484,14.718553,1150,,
1.0089344,14.71693,1151,,
1.0110762,14.712063,1152,,
1.0006274,14.718553,1153,,
1.0080258,14.7364,1154,,
1.011206,14.744512,1155,,
1.0088046,14.739645,1156,,
1.0097132,14.751002,1157,,
1.0101026,14.759114,1158,,
1.000887,14.759114,1159,,
1.0011466,14.767227,1160,,
0.9993294,14.763982,1161,,
1.0001082,14.772094,1162,,
1.0077662,14.786697,1163,,
1.000887,14.781829,1164,,
0.9990698,14.785074,1165,,
0.9993294,14.788319,1166,,
0.9993294,14.791564,1167,,
1.00861,14.806166,1168,,
1.0069874,14.781829,1169,,
0.9990048,14.809411,1170,,
1.0093888,14.812656,1171,,
0.9985506,14.819146,1172,,
1.0009518,14.819146,1173,,
1.0078312,14.822391,1174,,
1.0095834,14.830504,1175,,
1.0075716,14.846728,1176,,
1.0007572,14.845106,1177,,
1.0080258,14.845106,1178,,
1.0097132,14.856463,1179,,
1.0108814,14.862953,1180,,
1.0074418,14.861331,1181,,
1.0007572,14.867821,1182,,
1.0078312,14.871065,1183,,
1.0009518,14.875933,1184,,
0.9984208,14.882423,1185,,
1.0010168,14.890535,1186,,
1.0097132,14.890535,1187,,
0.9997836,14.903515,1188,,
0.9997836,14.901893,1189,,
0.9993294,14.90676,1190,,
1.0088046,14.921362,1191,,
0.9985506,14.91325,1192,,
1.0101676,14.914872,1193,,
1.007312,14.92623,1194,,
1.0110762,14.93272,1195,,
0.9990048,14.927852,1196,,
1.0020552,14.93921,1197,,
0.9992644,14.942455,1198,,
1.0090642,14.947322,1199,,
1.2546436,14.953812,1200,,
1.251139,14.971659,1201,,
1.2597058,14.973282,1202,,
1.2592514,14.999241,1203,,
1.2590568,14.994374,1204,,
1.2513986,14.992751,1205,,
1.2523722,15.000864,1206,,
1.2623666,15.015466,1207,,
1.2599004,15.015466,1208,,
1.2510092,15.028446,1209,,
1.2519828,15.026823,1210,,
1.2533456,15.031691,1211,,
1.2487378,15.049538,1212,,
1.260225,15.056028,1213,,
1.2522424,15.056028,1214,,
1.261458,15.06414,1215,,
1.2613282,15.072253,1216,,
1.253086,15.07063,1217,,
1.2512688,15.08361,1218,,
1.2504252,15.093345,1219,,
1.2610038,15.111192,1220,,
1.2510092,15.10308,1221,,
1.259576,15.114437,1222,,
1.252502,15.12904,1223,,
1.2598356,15.124172,1224,,
1.2516582,15.132284,1225,,
1.25049,15.143642,1226,,
1.2611984,15.138774,1227,,
1.2624964,15.153377,1228,,
1.261458,15.161489,1229,,
1.2606792,15.163112,1230,,
1.2620422,15.179336,1231,,
1.2489324,15.182581,1232,,
1.2623018,15.190694,1233,,
1.2600952,15.189071,1234,,
1.2604846,15.197184,1235,,
1.2513338,15.211786,1236,,
1.2593812,15.213408,1237,,
1.251788,15.215031,1238,,
1.2602898,15.232878,1239,,
1.2525668,15.232878,1240,,
1.2523072,15.245858,1241,,
1.2519828,15.257215,1242,,
1.2509444,15.258838,1243,,
1.2612634,15.258838,1244,,
1.2516582,15.27344,1245,,
1.251204,15.27344,1246,,
1.2520476,15.28642,1247,,
1.2508146,15.289665,1248,,
1.2628858,15.296155,1249,,
1.2606144,15.301022,1250,,
1.252437,15.314002,1251,,
1.2603548,15.314002,1252,,
1.262821,15.325359,1253,,
1.2501006,15.336717,1254,,
1.2617826,15.326982,1255,,
1.2489324,15.349696,1256,,
1.251853,15.344829,1257,,
1.260809,15.352941,1258,,
1.2522424,15.367544,1259,,
1.2488676,15.374034,1260,,
1.251853,15.391881,1261,,
1.2508794,15.391881,1262,,
1.2519178,15.378901,1263,,
1.248608,15.398371,1264,,
1.2517232,15.406483,1265,,
1.2507496,15.412973,1266,,
1.2521774,15.421086,1267,,
1.2606144,15.440555,1268,,
1.2628858,15.43731,1269,,
1.2501006,15.440555,1270,,
1.255098,15.453535,1271,,
1.2586674,15.442178,1272,,
1.2613282,15.46976,1273,,
1.2508146,15.468137,1274,,
1.2507496,15.474627,1275,,
1.2504252,15.484362,1276,,
1.2605494,15.48923,1277,,
1.2509444,15.497342,1278,,
1.2516582,15.498964,1279,,
1.251139,15.529791,1280,,
1.251204,15.508699,1281,,
1.2510092,15.529791,1282,,
1.2506198,15.523302,1283,,
1.2630806,15.528169,1284,,
1.2580184,15.554129,1285,,
1.2613932,15.555751,1286,,
1.2594462,15.563864,1287,,
1.2596408,15.547639,1288,,
1.251139,15.573598,1289,,
1.2607442,15.575221,1290,,
1.251788,15.583333,1291,,
1.260809,15.593068,1292,,
1.2521126,15.593068,1293,,
1.2585376,15.60118,1294,,
1.2630156,15.604425,1295,,
1.2594462,15.615783,1296,,
1.2592514,15.6531,1297,,
1.2521774,15.625518,1298,,
1.2606144,15.635253,1299,,
1.0052352,15.64012,1300,,
1.0089344,15.643365,1301,,
1.0014062,15.643365,1302,,
1.0013412,15.6531,1303,,
0.9986154,15.661212,1304,,
1.0091292,15.65959,1305,,
0.9997188,15.667702,1306,,
1.007896,15.669325,1307,,
1.01179,15.667702,1308,,
1.0086748,15.679059,1309,,
0.9987452,15.677437,1310,,
1.0093888,15.695284,1311,,
1.0102324,15.688794,1312,,
1.0073768,15.692039,1313,,
1.009908,15.719621,1314,,
1.0080258,15.713131,1315,,
1.0108166,15.705019,1316,,
1.0000432,15.709886,1317,,
1.0071822,15.711509,1318,,
1.0109464,15.727734,1319,,
1.0003678,15.734224,1320,,
1.0095834,15.730979,1321,,
0.9997188,15.747203,1322,,
1.0081556,15.745581,1323,,
0.9997188,15.750448,1324,,
0.998875,15.747203,1325,,
1.0004326,15.763428,1326,,
1.0071172,15.760183,1327,,
1.0003678,15.747203,1328,,
0.9990048,15.771541,1329,,
1.000887,15.768296,1330,,
1.0087398,15.800745,1331,,
1.0010168,15.779653,1332,,
1.000822,15.792633,1333,,
0.9999784,15.794255,1334,,
1.0000432,15.794255,1335,,
1.0096484,15.7975,1336,,
1.0001082,15.808858,1337,,
0.9986804,15.81048,1338,,
1.0006922,15.81697,1339,,
0.99894,15.81697,1340,,
1.0119846,15.826705,1341,,
1.0093888,15.82346,1342,,
1.010557,15.831572,1343,,
0.9996538,15.841307,1344,,
1.010492,15.851042,1345,,
0.9998486,15.852664,1346,,
0.9991346,15.859154,1347,,
1.0024446,15.865644,1348,,
1.0091292,15.860777,1349,,
1.0000432,15.870512,1350,,
1.0071822,15.873757,1351,,
1.0006274,15.880247,1352,,
0.9988102,15.888359,1353,,
1.0010168,15.886736,1354,,
0.9990048,15.893226,1355,,
1.0106218,15.896471,1356,,
1.0089344,15.917564,1357,,
1.000238,15.912696,1358,,
1.0081556,15.915941,1359,,
1.0095186,15.925676,1360,,
0.9996538,15.922431,1361,,
0.9990698,15.932166,1362,,
1.008545,15.933788,1363,,
1.0070524,15.938656,1364,,
1.0101026,15.941901,1365,,
0.99894,15.946768,1366,,
1.0093888,15.951636,1367,,
1.0093238,15.956503,1368,,
1.0005624,15.959748,1369,,
1.0082854,15.971105,1370,,
1.0107516,15.96137,1371,,
1.007896,15.969483,1372,,
1.0020552,15.971105,1373,,
1.0081556,15.972728,1374,,
1.0003678,15.98733,1375,,
0.9979016,15.988952,1376,,
1.0091292,15.992197,1377,,
1.0084152,15.995442,1378,,
1.0102324,16.01329,1379,,
1.0089994,16.0068,1380,,
1.0004326,16.003555,1381,,
1.0081556,16.01978,1382,,
1.0013412,16.024647,1383,,
1.0097782,16.024647,1384,,
1.0102324,16.032759,1385,,
1.0096484,16.040872,1386,,
0.9991346,16.045739,1387,,
1.0089994,16.047362,1388,,
1.0100378,16.052229,1389,,
1.000173,16.050607,1390,,
0.9994592,16.048984,1391,,
1.0003678,16.063586,1392,,
1.0089344,16.066831,1393,,
1.008545,16.076566,1394,,
1.0087398,16.081434,1395,,
1.0101676,16.092791,1396,,
0.9987452,16.097658,1397,,
0.9998486,16.107393,1398,,
1.008545,16.110638,1399,,
1.009908,16.104148,1400,,
1.2620422,16.118751,1401,,
1.2599654,16.130108,1402,,
1.2507496,16.14471,1403,,
1.2611336,16.133353,1404,,
1.2624316,16.14471,1405,,
1.2604846,16.162557,1406,,
1.2509444,16.159313,1407,,
1.2574992,16.172292,1408,,
1.26016,16.180405,1409,,
1.2599004,16.175537,1410,,
1.2520476,16.186895,1411,,
1.2522424,16.201497,1412,,
1.2613932,16.196629,1413,,
1.2586024,16.212854,1414,,
1.2596408,16.212854,1415,,
1.251788,16.232324,1416,,
1.251788,16.227457,1417,,
1.2600952,16.240436,1418,,
1.259576,16.235569,1419,,
1.251853,16.258284,1420,,
1.2515934,16.258284,1421,,
1.2506198,16.258284,1422,,
1.25049,16.261529,1423,,
1.2606144,16.269641,1424,,
1.262172,16.285866,1425,,
1.250555,16.285866,1426,,
1.251204,16.297223,1427,,
1.261458,16.30858,1428,,
1.252437,16.30858,1429,,
1.2501006,16.310203,1430,,
1.2631454,16.32805,1431,,
1.2613282,16.336162,1432,,
1.26016,16.331295,1433,,
1.2613282,16.34752,1434,,
1.2606792,16.345897,1435,,
1.2599004,16.362122,1436,,
1.2605494,16.375102,1437,,
1.2612634,16.373479,1438,,
1.2508794,16.375102,1439,,
1.2604846,16.381592,1440,,
1.255033,16.389704,1441,,
1.2499708,16.409174,1442,,
1.2510092,16.412419,1443,,
1.2617176,16.407551,1444,,
1.250555,16.422154,1445,,
1.26016,16.423776,1446,,
1.2625614,16.431889,1447,,
1.2507496,16.431889,1448,,
1.2514636,16.440001,1449,,
1.2516582,16.459471,1450,,
1.261523,16.459471,1451,,
1.2619124,16.467583,1452,,
1.2612634,16.465961,1453,,
1.2499708,16.474073,1454,,
1.2622368,16.483808,1455,,
1.2508146,16.49192,1456,,
1.259511,16.496788,1457,,
1.2586024,16.501655,1458,,
1.2593164,16.52437,1459,,
1.2517232,16.53086,1460,,
1.262107,16.519502,1461,,
1.2586674,16.53086,1462,,
1.2528914,16.527615,1463,,
1.2514636,16.551952,1464,,
1.2513986,16.551952,1465,,
1.260225,16.556819,1466,,
1.2499708,16.561687,1467,,
1.253151,16.569799,1468,,
1.251204,16.577911,1469,,
1.2507496,16.584401,1470,,
1.260874,16.595759,1471,,
1.2586674,16.597381,1472,,
1.253151,16.607116,1473,,
1.2605494,16.616851,1474,,
1.251204,16.616851,1475,,
1.2512688,16.637943,1476,,
1.2501006,16.629831,1477,,
1.2619772,16.633076,1478,,
1.2506848,16.6493,1479,,
1.251788,16.621718,1480,,
1.2510742,16.667148,1481,,
1.2599004,16.660658,1482,,
1.2611336,16.673637,1483,,
1.2597706,16.676882,1484,,
1.2616528,16.683372,1485,,
1.250555,16.689862,1486,,
1.26016,16.699597,1487,,
1.26016,16.704465,1488,,
1.2613282,16.712577,1489,,
1.2516582,16.730424,1490,,
1.2539298,16.722312,1491,,
1.2522424,16.740159,1492,,
1.2599004,16.748271,1493,,
1.2605494,16.741781,1494,,
1.2508146,16.759629,1495,,
1.2528264,16.756384,1496,,
1.2600302,16.761251,1497,,
1.2507496,16.779098,1498,,
1.251853,16.783966,1499,,
0.9990048,16.788833,1500,,
1.0004976,16.793701,1501,,
1.0001082,16.790456,1502,,
0.999589,16.793701,1503,,
1.0091292,16.798568,1504,,
0.9997836,16.796946,1505,,
1.0096484,16.811548,1506,,
0.9993294,16.80668,1507,,
1.0110112,16.818038,1508,,
1.0006274,16.81966,1509,,
1.0088696,16.840752,1510,,
1.0107516,16.82615,1511,,
0.9994592,16.834263,1512,,
0.9993942,16.840752,1513,,
1.009194,16.842375,1514,,
1.0086748,16.843997,1515,,
1.0108166,16.863467,1516,,
1.000822,16.866712,1517,,
1.0096484,16.863467,1518,,
0.9986154,16.853732,1519,,
1.0089344,16.869957,1520,,
1.0101676,16.873202,1521,,
0.9993942,16.882937,1522,,
1.00861,16.892672,1523,,
1.0106868,16.882937,1524,,
1.0089994,16.897539,1525,,
1.0065332,16.897539,1526,,
1.0009518,16.907274,1527,,
0.9997836,16.913764,1528,,
0.999524,16.912141,1529,,
1.010492,16.915386,1530,,
1.0095186,16.917009,1531,,
1.009908,16.926744,1532,,
0.9997188,16.933234,1533,,
0.9987452,16.929989,1534,,
1.0018604,16.947836,1535,,
0.9991996,16.942968,1536,,
1.0110112,16.949458,1537,,
0.9996538,16.957571,1538,,
0.9988102,16.951081,1539,,
1.0001082,16.959193,1540,,
0.9988102,16.97055,1541,,
1.0102974,16.965683,1542,,
1.0083504,16.980285,1543,,
1.0110762,16.980285,1544,,
1.0097132,16.98353,1545,,
1.008545,16.998133,1546,,
1.000238,16.994888,1547,,
1.0077662,17.001378,1548,,
1.0003028,16.998133,1549,,
1.0056894,17.012735,1550,,
1.000887,17.014357,1551,,
0.998875,17.02247,1552,,
1.0093238,17.025715,1553,,
1.0077662,17.032205,1554,,
1.0084152,17.032205,1555,,
0.9996538,17.037072,1556,,
1.0102324,17.041939,1557,,
1.001471,17.048429,1558,,
0.9990698,17.051674,1559,,
1.0108814,17.051674,1560,,
1.0080908,17.064654,1561,,
1.000887,17.071144,1562,,
1.0074418,17.071144,1563,,
1.000887,17.072766,1564,,
0.9993294,17.082501,1565,,
1.0097782,17.092236,1566,,
1.010557,17.085746,1567,,
1.0093238,17.095481,1568,,
1.0094536,17.098726,1569,,
1.0091292,17.071144,1570,,
1.0089344,17.098726,1571,,
0.9984208,17.113328,1572,,
1.0006922,17.114951,1573,,
1.0088046,17.119818,1574,,
1.01179,17.118196,1575,,
1.009194,17.126308,1576,,
1.0007572,17.149023,1577,,
1.007896,17.13442,1578,,
1.0121144,17.139288,1579,,
1.0001082,17.1474,1580,,
1.0077662,17.157135,1581,,
1.0000432,17.157135,1582,,
0.9987452,17.165248,1583,,
1.0048458,17.165248,1584,,
1.0084152,17.170115,1585,,
1.0099728,17.176605,1586,,
1.0077662,17.200942,1587,,
1.0094536,17.183095,1588,,
1.0104272,17.191207,1589,,
1.0011466,17.197697,1590,,
0.999589,17.200942,1591,,
0.9990698,17.204187,1592,,
0.9996538,17.205809,1593,,
1.000238,17.213922,1594,,
0.9999134,17.217167,1595,,
0.9992644,17.222034,1596,,
1.0003678,17.225279,1597,,
0.9992644,17.230147,1598,,
1.2747624,17.246371,1599,,
1.2606792,17.252861,1600,,
1.2632752,17.259351,1601,,
1.2520476,17.260974,1602,,
1.2590568,17.272331,1603,,
1.2613932,17.296668,1604,,
1.2521126,17.295046,1605,,
1.2510742,17.290178,1606,,
1.2503602,17.303158,1607,,
1.2610038,17.303158,1608,,
1.2512688,17.316138,1609,,
1.249841,17.322628,1610,,
1.2610686,17.321005,1611,,
1.257564,17.345342,1612,,
1.2500358,17.342097,1613,,
1.2592514,17.351832,1614,,
1.251853,17.359944,1615,,
1.2526966,17.364812,1616,,
1.2519178,17.374547,1617,,
1.2515934,17.374547,1618,,
1.2528914,17.379414,1619,,
1.2591866,17.389149,1620,,
1.2610038,17.411864,1621,,
1.2623018,17.403751,1622,,
1.261458,17.415109,1623,,
1.2486728,17.408619,1624,,
1.2607442,17.424843,1625,,
1.2515284,17.436201,1626,,
1.259511,17.437823,1627,,
1.2628858,17.444313,1628,,
1.2513338,17.449181,1629,,
1.2593812,17.449181,1630,,
1.261458,17.465405,1631,,
1.2508794,17.467028,1632,,
1.252502,17.476763,1633,,
1.25049,17.484875,1634,,
1.2510742,17.492987,1635,,
1.2513338,17.499477,1636,,
1.2504252,17.496232,1637,,
1.2617826,17.522192,1638,,
1.2508794,17.522192,1639,,
1.2619124,17.515702,1640,,
1.2497762,17.522192,1641,,
1.2605494,17.530304,1642,,
1.2502304,17.533549,1643,,
1.2521126,17.541662,1644,,
1.249906,17.556264,1645,,
1.2600952,17.556264,1646,,
1.2592514,17.564376,1647,,
1.2515284,17.567621,1648,,
1.2500358,17.587091,1649,,
1.2606144,17.582224,1650,,
1.2513986,17.585468,1651,,
1.262821,17.600071,1652,,
1.2591866,17.604938,1653,,
1.2623018,17.608183,1654,,
1.2584078,17.621163,1655,,
1.252437,17.627653,1656,,
1.260225,17.635765,1657,,
1.2602898,17.63901,1658,,
1.259576,17.6455,1659,,
1.2521126,17.65199,1660,,
1.26016,17.66497,1661,,
1.2520476,17.663347,1662,,
1.2508794,17.673082,1663,,
1.2521774,17.694174,1664,,
1.2597706,17.692552,1665,,
1.252437,17.690929,1666,,
1.2599004,17.699042,1667,,
1.2521126,17.700664,1668,,
1.2519178,17.713644,1669,,
1.2548384,17.712021,1670,,
1.2500358,17.721756,1671,,
1.2612634,17.733114,1672,,
1.2502954,17.736359,1673,,
1.2606792,17.749338,1674,,
1.2597058,17.759073,1675,,
1.2616528,17.755828,1676,,
1.2590568,17.759073,1677,,
1.2536052,17.765563,1678,,
1.2603548,17.778543,1679,,
1.2521126,17.785033,1680,,
1.2500358,17.785033,1681,,
1.2631454,17.793145,1682,,
1.2611984,17.804502,1683,,
1.2519828,17.80288,1684,,
1.2585376,17.820727,1685,,
1.2622368,17.827217,1686,,
1.2475696,17.830462,1687,,
1.2519828,17.830462,1688,,
1.2583428,17.836952,1689,,
1.2516582,17.841819,1690,,
1.2587322,17.859667,1691,,
1.2607442,17.858044,1692,,
1.2593164,17.875891,1693,,
1.2495166,17.864534,1694,,
1.2596408,17.874269,1695,,
1.2517232,17.888871,1696,,
1.2502954,17.896984,1697,,
1.2617176,17.880759,1698,,
1.2506198,17.905096,1699,,
1.0026392,17.913208,1700,,
1.0003678,17.911586,1701,,
1.002769,17.924566,1702,,
1.013737,17.926188,1703,,
1.0018604,17.927811,1704,,
1.000822,17.932678,1705,,
0.9999784,17.935923,1706,,
1.000887,17.9343,1707,,
1.0007572,17.944035,1708,,
1.0084152,17.945658,1709,,
0.9985506,17.955393,1710,,
1.0081556,17.963505,1711,,
1.0088046,17.96026,1712,,
1.0096484,17.968372,1713,,
1.0077014,17.976485,1714,,
1.0104272,17.957015,1715,,
0.9990048,17.97973,1716,,
1.0077662,17.984597,1717,,
1.0106218,17.984597,1718,,
1.0014062,17.991087,1719,,
0.99894,17.994332,1720,,
1.0097132,18.005689,1721,,
1.0003028,18.000822,1722,,
1.0076364,18.008934,1723,,
1.0102974,18.021914,1724,,
1.0078312,18.018669,1725,,
1.0078312,18.031649,1726,,
1.0001082,18.033271,1727,,
1.0078312,18.036516,1728,,
1.009843,18.038139,1729,,
1.0102324,18.039761,1730,,
1.0007572,18.055986,1731,,
0.9997836,18.060853,1732,,
1.00861,18.055986,1733,,
1.0097782,18.046251,1734,,
1.0090642,18.073833,1735,,
1.0095834,18.073833,1736,,
0.9999134,18.083568,1737,,
1.0006922,18.086813,1738,,
1.0074418,18.083568,1739,,
1.0012114,18.090058,1740,,
1.007247,18.09817,1741,,
1.011206,18.099793,1742,,
1.009194,18.11115,1743,,
1.0010816,18.119262,1744,,
1.0093238,18.114395,1745,,
1.0104272,18.127375,1746,,
0.9999784,18.128997,1747,,
1.0075716,18.133865,1748,,
1.0106218,18.106283,1749,,
0.9988102,18.140355,1750,,
1.0006274,18.145222,1751,,
1.0086748,18.151712,1752,,
1.00861,18.154957,1753,,
0.9988102,18.154957,1754,,
1.0011466,18.154957,1755,,
1.0083504,18.166314,1756,,
1.000887,18.171182,1757,,
1.007247,18.174427,1758,,
1.0094536,18.182539,1759,,
1.0084802,18.180916,1760,,
1.0089344,18.197141,1761,,
1.0107516,18.195519,1762,,
1.001536,18.198764,1763,,
1.0017956,18.214988,1764,,
0.9990048,18.210121,1765,,
1.0108814,18.240948,1766,,
0.9991346,18.216611,1767,,
1.0010168,18.223101,1768,,
1.0078312,18.226346,1769,,
1.0006274,18.231213,1770,,
1.0081556,18.231213,1771,,
1.0100378,18.247438,1772,,
1.0003678,18.239325,1773,,
0.9990048,18.245815,1774,,
1.0110762,18.250683,1775,,
1.0081556,18.266908,1776,,
1.0038722,18.26853,1777,,
1.0080258,18.270152,1778,,
1.0007572,18.273397,1779,,
1.0093888,18.271775,1780,,
1.0107516,18.286377,1781,,
0.9984856,18.289622,1782,,
1.0101676,18.304224,1783,,
0.9993294,18.29449,1784,,
0.9996538,18.312337,1785,,
1.0014062,18.312337,1786,,
1.0006274,18.312337,1787,,
0.9993294,18.338296,1788,,
1.0108166,18.318827,1789,,
0.9997188,18.325317,1790,,
0.999524,18.325317,1791,,
1.009908,18.344786,1792,,
0.9993294,18.336674,1793,,
1.0084152,18.352899,1794,,
1.0073768,18.356144,1795,,
1.0108814,18.357766,1796,,
1.0084802,18.369123,1797,,
1.0096484,18.369123,1798,,
1.0094536,18.365878,1799,,
1.2165476,18.401573,1800,,
1.2591866,18.388593,1801,,
1.250555,18.395083,1802,,
1.2519828,18.398328,1803,,
1.2612634,18.41942,1804,,
1.2528914,18.417798,1805,,
1.2600302,18.421042,1806,,
1.2497112,18.429155,1807,,
1.2610686,18.447002,1808,,
1.252502,18.443757,1809,,
1.2523722,18.448625,1810,,
1.2610038,18.463227,1811,,
1.2615878,18.463227,1812,,
1.2523722,18.466472,1813,,
1.261523,18.471339,1814,,
1.2502954,18.485941,1815,,
1.2513338,18.485941,1816,,
1.2541894,18.516768,1817,,
1.2515934,18.513523,1818,,
1.2503602,18.513523,1819,,
1.2495166,18.521636,1820,,
1.2513986,18.529748,1821,,
1.251853,18.529748,1822,,
1.2502954,18.542728,1823,,
1.2509444,18.547595,1824,,
1.2612634,18.55084,1825,,
1.2510742,18.558953,1826,,
1.2513986,18.562198,1827,,
1.2509444,18.573555,1828,,
1.2589918,18.580045,1829,,
1.2605494,18.594647,1830,,
1.2596408,18.597892,1831,,
1.2635998,18.599515,1832,,
1.2520476,18.618984,1833,,
1.2591216,18.623852,1834,,
1.2593812,18.610872,1835,,
1.2605494,18.627097,1836,,
1.2523072,18.643321,1837,,
1.2609388,18.648189,1838,,
1.2594462,18.653056,1839,,
1.2499708,18.659546,1840,,
1.2525668,18.661169,1841,,
1.2598356,18.672526,1842,,
1.2606792,18.675771,1843,,
1.2607442,18.685506,1844,,
1.2626912,18.691996,1845,,
1.2516582,18.687128,1846,,
1.2499708,18.696863,1847,,
1.2513338,18.703353,1848,,
1.2613282,18.717955,1849,,
1.2519828,18.719578,1850,,
1.2504252,18.739047,1851,,
1.2487378,18.732557,1852,,
1.2539946,18.742292,1853,,
1.2606792,18.748782,1854,,
1.2590568,18.755272,1855,,
1.2607442,18.769874,1856,,
1.2620422,18.766629,1857,,
1.260809,18.773119,1858,,
1.2495814,18.789344,1859,,
1.251139,18.797456,1860,,
1.2600952,18.800701,1861,,
1.2495814,18.797456,1862,,
1.261458,18.810436,1863,,
1.260874,18.815303,1864,,
1.2584078,18.825038,1865,,
1.2513986,18.826661,1866,,
1.2519178,18.838018,1867,,
1.2497762,18.85262,1868,,
1.2514636,18.844508,1869,,
1.2546436,18.855865,1870,,
1.249841,18.85911,1871,,
1.2606144,18.87209,1872,,
1.2516582,18.87209,1873,,
1.2593812,18.883447,1874,,
1.2624964,18.88507,1875,,
1.2513986,18.889937,1876,,
1.258927,18.88507,1877,,
1.2623018,18.907784,1878,,
1.2617176,18.917519,1879,,
1.2583428,18.930499,1880,,
1.2622368,18.928877,1881,,
1.259511,18.933744,1882,,
1.25049,18.949969,1883,,
1.2501656,18.943479,1884,,
1.2510742,18.959704,1885,,
1.2515934,18.972683,1886,,
1.2510742,18.969438,1887,,
1.2605494,18.974306,1888,,
1.2618474,18.975928,1889,,
1.2602898,18.99702,1890,,
1.2606792,19.000265,1891,,
1.2523722,19.00351,1892,,
1.260225,19.006755,1893,,
1.2523722,19.01,1894,,
1.259511,19.027847,1895,,
1.2600952,19.02947,1896,,
1.2513338,19.039205,1897,,
1.2581482,19.045695,1898,,
1.2611336,19.057052,1899,,
1.2597058,19.058674,1900,,
0.9916712,19.065164,1901,,
1.010492,19.068409,1902,,
1.0017956,19.074899,1903,,
1.010557,19.074899,1904,,
1.0084152,19.078144,1905,,
1.0084802,19.078144,1906,,
1.010492,19.086256,1907,,
1.0006274,19.097614,1908,,
1.0091292,19.099236,1909,,
1.0088046,19.100859,1910,,
1.01179,19.087879,1911,,
1.009194,19.117083,1912,,
1.0082854,19.115461,1913,,
1.010557,19.133308,1914,,
1.000173,19.126818,1915,,
1.0095834,19.130063,1916,,
1.0109464,19.133308,1917,,
1.0075716,19.139798,1918,,
1.0049756,19.157645,1919,,
1.008545,19.1544,1920,,
1.0097132,19.1544,1921,,
1.0100378,19.1544,1922,,
1.0089344,19.146288,1923,,
1.0007572,19.177115,1924,,
1.0093238,19.169002,1925,,
1.0001082,19.183605,1926,,
0.9979016,19.194962,1927,,
1.011206,19.169002,1928,,
0.9997188,19.188472,1929,,
1.0087398,19.203074,1930,,
1.0003678,19.191717,1931,,
1.0088696,19.209564,1932,,
1.0038722,19.204697,1933,,
1.009843,19.212809,1934,,
1.0009518,19.211187,1935,,
1.0075716,19.232279,1936,,
1.0119198,19.232279,1937,,
0.9997188,19.238769,1938,,
1.0006274,19.240391,1939,,
1.0095834,19.246881,1940,,
1.0106868,19.251749,1941,,
1.000822,19.253371,1942,,
1.0078312,19.266351,1943,,
1.0009518,19.258238,1944,,
1.0080258,19.263106,1945,,
1.010557,19.267973,1946,,
0.9984856,19.272841,1947,,
0.9999784,19.277708,1948,,
0.9972526,19.279331,1949,,
1.0112708,19.287443,1950,,
0.999589,19.287443,1951,,
1.0102324,19.297178,1952,,
0.9998486,19.30529,1953,,
0.9997836,19.315025,1954,,
1.009194,19.306913,1955,,
1.008545,19.323137,1956,,
1.011141,19.323137,1957,,
0.9999784,19.329627,1958,,
1.0024446,19.329627,1959,,
0.9988102,19.33774,1960,,
1.0095186,19.33774,1961,,
1.0077662,19.329627,1962,,
1.0107516,19.349097,1963,,
1.0097132,19.352342,1964,,
1.0095834,19.353964,1965,,
0.9999134,19.358832,1966,,
1.0005624,19.363699,1967,,
1.0091292,19.373434,1968,,
1.0088046,19.378301,1969,,
1.000173,19.383169,1970,,
0.9997836,19.391281,1971,,
1.0100378,19.396149,1972,,
1.0091292,19.397771,1973,,
1.009194,19.410751,1974,,
0.9986804,19.407506,1975,,
1.000822,19.412373,1976,,
0.9990048,19.409128,1977,,
1.000887,19.425353,1978,,
0.9981612,19.425353,1979,,
1.0114006,19.431843,1980,,
1.0069874,19.435088,1981,,
1.000173,19.4432,1982,,
0.9971228,19.448068,1983,,
1.0081556,19.446445,1984,,
0.9970578,19.43022,1985,,
1.0112708,19.457802,1986,,
0.9990048,19.46916,1987,,
1.010492,19.467537,1988,,
1.0080258,19.472405,1989,,
1.0104272,19.478895,1990,,
1.0089994,19.478895,1991,,
1.0012114,19.477272,1992,,
0.9993294,19.496742,1993,,
1.0014062,19.499987,1994,,
0.9991346,19.495119,1995,,
1.0012114,19.517834,1996,,
0.9990698,19.511344,1997,,
1.0095186,19.508099,1998,,
0.9990698,19.521079,1999,,
1.2366016,19.537304,2000,,
1.2616528,19.530814,2001,,
1.2578886,19.540549,2002,,
1.2507496,19.555151,2003,,
1.260809,19.556773,2004,,
1.2580832,19.564886,2005,,
1.2508794,19.569753,2006,,
1.2536702,19.57462,2007,,
1.2519178,19.582733,2008,,
1.2591216,19.59409,2009,,
1.2522424,19.60058,2010,,
1.2632104,19.605447,2011,,
1.253151,19.61356,2012,,
1.2508146,19.637897,2013,,
1.262821,19.631407,2014,,
1.2600952,19.636274,2015,,
1.2615878,19.639519,2016,,
1.2496464,19.644387,2017,,
1.2499708,19.642764,2018,,
1.2604846,19.665479,2019,,
1.2522424,19.667101,2020,,
1.2596408,19.673591,2021,,
1.2506848,19.688193,2022,,
1.2528914,19.686571,2023,,
1.250555,19.699551,2024,,
1.2523072,19.693061,2025,,
1.2501656,19.701173,2026,,
1.2503602,19.715775,2027,,
1.260874,19.728755,2028,,
1.251788,19.727133,2029,,
1.2623018,19.753092,2030,,
1.2592514,19.740113,2031,,
1.261523,19.746602,2032,,
1.2529562,19.75796,2033,,
1.2504252,19.769317,2034,,
1.2517232,19.774184,2035,,
1.2611984,19.775807,2036,,
1.2618474,19.790409,2037,,
1.2631454,19.793654,2038,,
1.261458,19.796899,2039,,
1.2502954,19.803389,2040,,
1.262821,19.817991,2041,,
1.2480238,19.827726,2042,,
1.2628858,19.832593,2043,,
1.251139,19.830971,2044,,
1.2607442,19.843951,2045,,
1.2605494,19.840706,2046,,
1.2581482,19.868288,2047,,
1.2508146,19.858553,2048,,
1.258927,19.868288,2049,,
1.260874,19.878023,2050,,
1.2520476,19.8764,2051,,
1.2519828,19.879645,2052,,
1.2622368,19.887757,2053,,
1.2510092,19.90236,2054,,
1.2499708,19.912094,2055,,
1.251853,19.920207,2056,,
1.2619772,19.910472,2057,,
1.2624316,19.918584,2058,,
1.2610038,19.928319,2059,,
1.26347,19.934809,2060,,
1.260874,19.946166,2061,,
1.2497762,19.954279,2062,,
1.2523722,19.952656,2063,,
1.258927,19.976993,2064,,
1.2522424,19.967259,2065,,
1.2612634,19.976993,2066,,
1.2598356,19.986728,2067,,
1.2528264,19.998085,2068,,
1.2604846,20.00133,2069,,
1.2502954,20.004575,2070,,
1.2515934,20.022423,2071,,
1.2536702,20.01431,2072,,
1.2536702,20.0208,2073,,
1.2603548,20.03378,2074,,
1.2494516,20.037025,2075,,
1.252437,20.056494,2076,,
1.2603548,20.054872,2077,,
1.250555,20.071097,2078,,
1.2617176,20.069474,2079,,
1.2499708,20.079209,2080,,
1.2616528,20.087321,2081,,
1.25049,20.087321,2082,,
1.2495166,20.098679,2083,,
1.2526966,20.106791,2084,,
1.2538,20.105169,2085,,
1.2502954,20.118148,2086,,
1.2632104,20.119771,2087,,
1.2592514,20.13924,2088,,
1.2620422,20.137618,2089,,
1.262172,20.142485,2090,,
1.2590568,20.15222,2091,,
1.254384,20.160333,2092,,
1.2623018,20.173312,2093,,
1.2591866,20.176557,2094,,
1.2641838,20.186292,2095,,
1.258927,20.186292,2096,,
1.2495814,20.199272,2097,,
1.2617176,20.205762,2098,,
1.2488676,20.207384,2099,,
1.009194,20.213874,2100,,
1.0003028,20.220364,2101,,
0.9998486,20.220364,2102,,
1.0097132,20.226854,2103,,
1.0097132,20.230099,2104,,
1.0101026,20.238211,2105,,
0.999524,20.243079,2106,,
0.999524,20.228476,2107,,
1.0109464,20.246324,2108,,
0.9991996,20.252813,2109,,
1.001471,20.259303,2110,,
1.0115954,20.264171,2111,,
1.008545,20.273906,2112,,
1.006663,20.269038,2113,,
1.0014062,20.280395,2114,,
1.0010168,20.27715,2115,,
1.009843,20.285263,2116,,
1.0090642,20.291753,2117,,
1.0112708,20.291753,2118,,
0.9992644,20.298243,2119,,
0.99894,20.307977,2120,,
1.0128284,20.3096,2121,,
1.0001082,20.31609,2122,,
1.0004976,20.312845,2123,,
1.0114656,20.320957,2124,,
0.998291,20.327447,2125,,
0.9996538,20.32907,2126,,
1.0042616,20.335559,2127,,
1.0080908,20.346917,2128,,
0.9997188,20.343672,2129,,
1.0004976,20.346917,2130,,
0.9986804,20.350162,2131,,
1.0014062,20.361519,2132,,
0.9997836,20.368009,2133,,
1.0001082,20.379366,2134,,
1.0097132,20.384234,2135,,
0.9991996,20.392346,2136,,
1.0101026,20.387478,2137,,
0.9999784,20.393968,2138,,
1.0084152,20.403703,2139,,
1.0024446,20.402081,2140,,
0.9953704,20.400458,2141,,
1.001536,20.406948,2142,,
1.0086748,20.426418,2143,,
0.9993294,20.419928,2144,,
1.0007572,20.431285,2145,,
0.9990698,20.432908,2146,,
1.010492,20.436153,2147,,
0.9997836,20.449132,2148,,
1.0000432,20.458867,2149,,
1.0102974,20.458867,2150,,
0.9986804,20.455622,2151,,
1.001471,20.457245,2152,,
1.009843,20.478337,2153,,
1.0115304,20.471847,2154,,
0.9990698,20.476714,2155,,
1.007961,20.483204,2156,,
1.0108814,20.483204,2157,,
0.9991996,20.481582,2158,,
1.0024446,20.501051,2159,,
1.0080258,20.507541,2160,,
0.9985506,20.517276,2161,,
1.0004326,20.517276,2162,,
0.9990698,20.517276,2163,,
1.0016658,20.522144,2164,,
1.0089994,20.533501,2165,,
1.009843,20.543236,2166,,
0.9997188,20.544858,2167,,
0.9990048,20.551348,2168,,
1.0104272,20.548103,2169,,
0.9980962,20.556215,2170,,
1.0011466,20.551348,2171,,
0.9992644,20.554593,2172,,
1.0114006,20.567573,2173,,
1.0014062,20.577308,2174,,
1.0003028,20.590287,2175,,
1.0094536,20.577308,2176,,
0.9990048,20.590287,2177,,
0.9991996,20.590287,2178,,
1.009908,20.596777,2179,,
1.0014062,20.593532,2180,,
0.9996538,20.5984,2181,,
1.002769,20.606512,2182,,
1.0082206,20.617869,2183,,
1.0003028,20.625982,2184,,
1.0004976,20.624359,2185,,
0.9993294,20.635716,2186,,
0.9994592,20.637339,2187,,
1.007247,20.635716,2188,,
1.0084802,20.647074,2189,,
0.9990698,20.656809,2190,,
1.010492,20.655186,2191,,
1.0089994,20.650319,2192,,
1.0096484,20.674656,2193,,
1.000173,20.663298,2194,,
1.0001082,20.676278,2195,,
1.009194,20.679523,2196,,
1.009194,20.689258,2197,,
1.0099728,20.687635,2198,,
1.000173,20.700615,2199,,
1.2555522,20.705483,2200,,
1.2501656,20.720085,2201,,
1.2643136,20.726575,2202,,
1.2491272,20.726575,2203,,
1.25049,20.737932,2204,,
1.2584726,20.744422,2205,,
1.2509444,20.744422,2206,,
1.251788,20.759024,2207,,
1.251204,20.767137,2208,,
1.2598356,20.784984,2209,,
1.249906,20.780116,2210,,
1.2534106,20.789851,2211,,
1.2622368,20.804453,2212,,
1.2532158,20.802831,2213,,
1.2617826,20.802831,2214,,
1.2506198,20.809321,2215,,
1.2604196,20.815811,2216,,
1.2600302,20.840148,2217,,
1.2623666,20.830413,2218,,
1.261523,20.840148,2219,,
1.2497112,20.853127,2220,,
1.26347,20.85475,2221,,
1.26016,20.859617,2222,,
1.25049,20.875842,2223,,
1.2645732,20.87422,2224,,
1.2523722,20.883954,2225,,
1.2509444,20.909914,2226,,
1.2500358,20.900179,2227,,
1.2521126,20.903424,2228,,
1.2622368,20.913159,2229,,
1.2496464,20.922894,2230,,
1.2488676,20.929384,2231,,
1.2617176,20.931006,2232,,
1.2510742,20.948853,2233,,
1.2496464,20.953721,2234,,
1.2525668,20.952098,2235,,
1.2500358,20.958588,2236,,
1.2619124,20.96021,2237,,
1.2606792,20.968323,2238,,
1.26016,20.97968,2239,,
1.2521774,20.984547,2240,,
1.249841,21.004017,2241,,
1.2516582,21.008885,2242,,
1.2500358,21.023487,2243,,
1.2523722,21.021864,2244,,
1.2506198,21.028354,2245,,
1.2514636,21.033222,2246,,
1.2604196,21.047824,2247,,
1.2602898,21.039711,2248,,
1.2599004,21.059181,2249,,
1.2591216,21.068916,2250,,
1.2510742,21.075406,2251,,
1.252502,21.086763,2252,,
1.2523722,21.077028,2253,,
1.2607442,21.081896,2254,,
1.2523722,21.093253,2255,,
1.2517232,21.101365,2256,,
1.25049,21.106233,2257,,
1.2597058,21.128947,2258,,
1.2508146,21.128947,2259,,
1.2523722,21.140305,2260,,
1.2586674,21.133815,2261,,
1.2520476,21.141927,2262,,
1.2591866,21.150039,2263,,
1.2599654,21.158152,2264,,
1.2612634,21.167887,2265,,
1.2504252,21.167887,2266,,
1.251853,21.180866,2267,,
1.2495814,21.190601,2268,,
1.2523072,21.201958,2269,,
1.2497112,21.203581,2270,,
1.261523,21.214938,2271,,
1.2609388,21.224673,2272,,
1.2519178,21.231163,2273,,
1.2517232,21.22954,2274,,
1.2605494,21.247388,2275,,
1.2501656,21.247388,2276,,
1.2612634,21.260367,2277,,
1.2602898,21.2555,2278,,
1.2506848,21.26199,2279,,
1.251204,21.270102,2280,,
1.2497112,21.284704,2281,,
1.2623666,21.281459,2282,,
1.2504252,21.287949,2283,,
1.2630156,21.300929,2284,,
1.2593812,21.315531,2285,,
1.251788,21.328511,2286,,
1.2496464,21.318776,2287,,
1.2521774,21.336623,2288,,
1.258927,21.336623,2289,,
1.2507496,21.346358,2290,,
1.2497762,21.356093,2291,,
1.2635348,21.364205,2292,,
1.2612634,21.365828,2293,,
1.2604196,21.378808,2294,,
1.2606144,21.39341,2295,,
1.260809,21.39341,2296,,
1.2576938,21.401522,2297,,
1.2512688,21.409635,2298,,
1.2610038,21.409635,2299,,
1.2620422,21.425859,2300,,
1.2508794,21.425859,2301,,
0.9916712,21.425859,2302,,
1.0112708,21.3999,2303,,
1.001536,21.435594,2304,,
1.009843,21.440461,2305,,
1.0091292,21.438839,2306,,
1.0097132,21.459931,2307,,
1.011206,21.468043,2308,,
1.000173,21.464798,2309,,
1.000887,21.464798,2310,,
1.0013412,21.481023,2311,,
0.99894,21.472911,2312,,
1.01179,21.476156,2313,,
1.0069874,21.484268,2314,,
1.0013412,21.482646,2315,,
1.0097132,21.49238,2316,,
1.0093238,21.506983,2317,,
1.0004976,21.510228,2318,,
1.0088046,21.513473,2319,,
1.0016008,21.500493,2320,,
1.0086748,21.52483,2321,,
1.009908,21.529697,2322,,
1.0071172,21.528075,2323,,
1.0107516,21.532942,2324,,
1.009194,21.53781,2325,,
1.0093238,21.542677,2326,,
1.011725,21.558902,2327,,
1.0083504,21.565392,2328,,
1.0012114,21.565392,2329,,
0.9984208,21.565392,2330,,
1.0007572,21.568636,2331,,
1.000238,21.583239,2332,,
1.0095186,21.576749,2333,,
1.0012764,21.586484,2334,,
1.0094536,21.583239,2335,,
1.0012114,21.596218,2336,,
1.0075716,21.581616,2337,,
1.010557,21.605953,2338,,
1.009843,21.607576,2339,,
1.0078312,21.6238,2340,,
1.0102974,21.627045,2341,,
1.0101676,21.6238,2342,,
1.0024446,21.635158,2343,,
0.998875,21.633535,2344,,
1.0032234,21.654627,2345,,
1.0003678,21.648137,2346,,
1.0081556,21.64976,2347,,
1.002185,21.657872,2348,,
0.9988102,21.659495,2349,,
1.0118548,21.667607,2350,,
1.0000432,21.674097,2351,,
1.0006274,21.678964,2352,,
1.0007572,21.674097,2353,,
0.9993294,21.696812,2354,,
1.000887,21.687077,2355,,
0.9980314,21.695189,2356,,
1.0115304,21.700056,2357,,
0.9996538,21.701679,2358,,
1.0009518,21.714659,2359,,
1.000887,21.727638,2360,,
1.0078312,21.721149,2361,,
1.010492,21.738996,2362,,
0.998875,21.730883,2363,,
1.011725,21.740618,2364,,
1.0095186,21.740618,2365,,
1.0126336,21.747108,2366,,
0.9993294,21.751975,2367,,
0.9977068,21.756843,2368,,
1.0110112,21.77469,2369,,
1.0095834,21.7682,2370,,
1.0007572,21.777935,2371,,
1.0003678,21.77469,2372,,
1.002769,21.78118,2373,,
1.0091292,21.789292,2374,,
1.0109464,21.797405,2375,,
1.0110762,21.808762,2376,,
1.0012764,21.803894,2377,,
1.011725,21.820119,2378,,
0.9997836,21.829854,2379,,
1.0006274,21.828231,2380,,
1.0083504,21.824987,2381,,
1.0010816,21.834721,2382,,
1.0075716,21.839589,2383,,
1.010557,21.844456,2384,,
0.9985506,21.846079,2385,,
1.0096484,21.860681,2386,,
1.009194,21.852569,2387,,
1.0095186,21.868793,2388,,
1.011725,21.878528,2389,,
1.0080258,21.870416,2390,,
1.0093238,21.883395,2391,,
1.0069874,21.881773,2392,,
1.010492,21.888263,2393,,
0.9997836,21.901243,2394,,
1.0120496,21.89962,2395,,
0.9997188,21.902865,2396,,
1.0006274,21.907732,2397,,
1.0001082,21.90611,2398,,
1.0088696,21.915845,2399,,
1.2540596,21.938559,2400,,
1.251204,21.936937,2401,,
1.259576,21.946672,2402,,
1.2610038,21.954784,2403,,
1.2519178,21.964519,2404,,
1.2613932,21.983988,2405,,
1.2540596,21.980744,2406,,
1.2623666,21.983988,2407,,
1.260874,21.992101,2408,,
1.2515284,21.995346,2409,,
1.2497762,22.005081,2410,,
1.2501006,22.014815,2411,,
1.2503602,22.029418,2412,,
1.2495814,22.034285,2413,,
1.2495814,22.032663,2414,,
1.25049,22.057,2415,,
1.2501006,22.052132,2416,,
1.2606792,22.065112,2417,,
1.2519178,22.076469,2418,,
1.251853,22.076469,2419,,
1.2500358,22.081337,2420,,
1.2501656,22.087826,2421,,
1.2510092,22.108919,2422,,
1.2510092,22.110541,2423,,
1.2622368,22.113786,2424,,
1.2508794,22.125143,2425,,
1.2496464,22.126766,2426,,
1.2510742,22.136501,2427,,
1.260809,22.154348,2428,,
1.2629508,22.15597,2429,,
1.249841,22.159215,2430,,
1.2526966,22.164082,2431,,
1.250555,22.167327,2432,,
1.260225,22.186797,2433,,
1.2626262,22.186797,2434,,
1.2515284,22.194909,2435,,
1.2584726,22.204644,2436,,
1.2612634,22.214379,2437,,
1.260225,22.227359,2438,,
1.2501656,22.241961,2439,,
1.2519178,22.233849,2440,,
1.260874,22.240338,2441,,
1.2481536,22.238716,2442,,
1.2625614,22.261431,2443,,
1.2508794,22.276033,2444,,
1.2600302,22.276033,2445,,
1.252437,22.2809,2446,,
1.2593164,22.323084,2447,,
1.2513338,22.285768,2448,,
1.251204,22.308482,2449,,
1.26016,22.314972,2450,,
1.2526318,22.314972,2451,,
1.2508794,22.327952,2452,,
1.25049,22.329574,2453,,
1.251853,22.342554,2454,,
1.2504252,22.357156,2455,,
1.2546436,22.363646,2456,,
1.2493218,22.375003,2457,,
1.2598356,22.373381,2458,,
1.260809,22.381493,2459,,
1.2606144,22.391228,2460,,
1.2515284,22.404208,2461,,
1.2604846,22.39934,2462,,
1.2579534,22.404208,2463,,
1.2622368,22.422055,2464,,
1.2599654,22.436657,2465,,
1.2611336,22.439902,2466,,
1.2606792,22.443147,2467,,
1.2503602,22.452882,2468,,
1.2611336,22.457749,2469,,
1.249906,22.460994,2470,,
1.252502,22.469106,2471,,
1.2504252,22.478841,2472,,
1.2617826,22.483709,2473,,
1.260809,22.493443,2474,,
1.2502304,22.499933,2475,,
1.260874,22.514536,2476,,
1.2599654,22.511291,2477,,
1.2623666,22.529138,2478,,
1.258862,22.532383,2479,,
1.2517232,22.542118,2480,,
1.2590568,22.553475,2481,,
1.2597058,22.551852,2482,,
1.2625614,22.566455,2483,,
1.249257,22.579434,2484,,
1.2523072,22.592414,2485,,
1.2604196,22.582679,2486,,
1.2628858,22.600526,2487,,
1.2599004,22.605394,2488,,
1.2525668,22.603771,2489,,
1.2613282,22.628108,2490,,
1.2519178,22.636221,2491,,
1.2585376,22.631353,2492,,
1.2612634,22.665425,2493,,
1.261523,22.652445,2494,,
1.2606792,22.665425,2495,,
1.2617826,22.66218,2496,,
1.2586674,22.676782,2497,,
1.2632752,22.671915,2498,,
1.2509444,22.684895,2499,,
1.0120496,22.696252,2500,,
1.0128284,22.697874,2501,,
1.0006274,22.701119,2502,,
0.9998486,22.710854,2503,,
1.0082854,22.710854,2504,,
1.0010168,22.710854,2505,,
1.010492,22.722211,2506,,
0.9992644,22.725456,2507,,
1.0101676,22.733569,2508,,
1.0078312,22.743303,2509,,
1.011141,22.740059,2510,,
1.002185,22.746548,2511,,
1.007896,22.753038,2512,,
1.0012764,22.751416,2513,,
1.003353,22.757906,2514,,
0.9988102,22.770885,2515,,
1.0001082,22.783865,2516,,
1.007896,22.785488,2517,,
1.001536,22.782243,2518,,
1.0093888,22.783865,2519,,
0.9974472,22.783865,2520,,
1.0106218,22.801712,2521,,
0.9991346,22.809825,2522,,
1.010492,22.809825,2523,,
1.0001082,22.814692,2524,,
1.0016658,22.819559,2525,,
1.0011466,22.821182,2526,,
0.9992644,22.842274,2527,,
1.0104272,22.837407,2528,,
1.0000432,22.848764,2529,,
0.9993942,22.855254,2530,,
1.0011466,22.853631,2531,,
0.9988102,22.858499,2532,,
1.0028988,22.877968,2533,,
1.000173,22.874723,2534,,
1.0078312,22.881213,2535,,
1.0012764,22.879591,2536,,
0.9984856,22.894193,2537,,
1.0017956,22.895815,2538,,
0.9997188,22.895815,2539,,
1.0004976,22.90555,2540,,
1.000822,22.910418,2541,,
0.9986154,22.916908,2542,,
1.0016658,22.895815,2543,,
0.9987452,22.928265,2544,,
1.0093888,22.929887,2545,,
1.0003028,22.938,2546,,
0.9994592,22.949357,2547,,
1.0013412,22.946112,2548,,
0.9994592,22.959092,2549,,
1.0010816,22.967204,2550,,
1.007896,22.972071,2551,,
0.9993942,22.970449,2552,,
1.0097132,22.975316,2553,,
1.0086748,22.983429,2554,,
1.0016658,22.986674,2555,,
0.9994592,22.998031,2556,,
1.0006274,23.009388,2557,,
1.0099728,23.004521,2558,,
1.0077662,23.004521,2559,,
1.010557,23.015878,2560,,
1.0084802,23.032103,2561,,
1.009908,23.022368,2562,,
1.009843,23.025613,2563,,
1.01179,23.038593,2564,,
1.0101026,23.038593,2565,,
0.9988102,23.051572,2566,,
1.0012114,23.066174,2567,,
1.007961,23.066174,2568,,
1.0017306,23.067797,2569,,
1.0089994,23.071042,2570,,
1.0100378,23.074287,2571,,
1.0089344,23.079154,2572,,
0.9992644,23.087267,2573,,
1.0011466,23.092134,2574,,
0.9997188,23.098624,2575,,
1.0102974,23.108359,2576,,
0.999524,23.111604,2577,,
1.0006274,23.116471,2578,,
0.9990048,23.121338,2579,,
1.0080258,23.126206,2580,,
1.0091292,23.114848,2581,,
0.999589,23.126206,2582,,
1.0014062,23.145675,2583,,
1.0023796,23.153788,2584,,
1.0012764,23.14892,2585,,
0.9985506,23.163523,2586,,
1.0071822,23.1619,2587,,
1.0100378,23.158655,2588,,
1.0003678,23.179747,2589,,
1.0005624,23.16839,2590,,
1.0080258,23.179747,2591,,
1.0121144,23.18786,2592,,
0.9994592,23.191104,2593,,
1.0016008,23.197594,2594,,
0.9993294,23.199217,2595,,
1.0000432,23.215441,2596,,
1.0088696,23.218686,2597,,
0.9997188,23.213819,2598,,
1.0100378,23.223554,2599,,
1.2711282,23.236534,2600,,
1.2625614,23.246268,2601,,
1.2494516,23.231666,2602,,
1.2610038,23.259248,2603,,
1.2577588,23.270605,2604,,
1.2503602,23.275473,2605,,
1.2584078,23.288452,2606,,
1.2604846,23.301432,2607,,
1.2606144,23.303055,2608,,
1.251204,23.320902,2609,,
1.2622368,23.317657,2610,,
1.251788,23.327392,2611,,
1.2526318,23.332259,2612,,
1.2604846,23.340371,2613,,
1.2583428,23.358219,2614,,
1.2526966,23.356596,2615,,
1.2508794,23.361463,2616,,
1.2573044,23.389045,2617,,
1.2637944,23.390668,2618,,
1.2602898,23.389045,2619,,
1.2586024,23.41176,2620,,
1.260874,23.41176,2621,,
1.2508146,23.41176,2622,,
1.2514636,23.42474,2623,,
1.2611984,23.432852,2624,,
1.2496464,23.450699,2625,,
1.2594462,23.457189,2626,,
1.263405,23.43123,2627,,
1.2591216,23.466924,2628,,
1.2613932,23.470169,2629,,
1.2620422,23.484771,2630,,
1.2506198,23.488016,2631,,
1.251853,23.502618,2632,,
1.2619124,23.505863,2633,,
1.2603548,23.518843,2634,,
1.2599004,23.5302,2635,,
1.2502954,23.5302,2636,,
1.252502,23.531822,2637,,
1.261458,23.548047,2638,,
1.2606792,23.557782,2639,,
1.2515934,23.551292,2640,,
1.256331,23.569139,2641,,
1.2600302,23.575629,2642,,
1.25049,23.591854,2643,,
1.2609388,23.578874,2644,,
1.2528264,23.599966,2645,,
1.2500358,23.608078,2646,,
1.2623666,23.614568,2647,,
1.2584078,23.634038,2648,,
1.2516582,23.632415,2649,,
1.261523,23.64215,2650,,
1.249257,23.643773,2651,,
1.2519828,23.66811,2652,,
1.2496464,23.671355,2653,,
1.2619772,23.674599,2654,,
1.2597058,23.684334,2655,,
1.2606144,23.692447,2656,,
1.251204,23.703804,2657,,
1.2607442,23.710294,2658,,
1.2516582,23.721651,2659,,
1.2499708,23.723273,2660,,
1.2626262,23.716784,2661,,
1.249841,23.742743,2662,,
1.2532808,23.750855,2663,,
1.2504252,23.758968,2664,,
1.2558118,23.763835,2665,,
1.2599004,23.770325,2666,,
1.2528264,23.781682,2667,,
1.260225,23.79304,2668,,
1.251853,23.797907,2669,,
1.2519828,23.812509,2670,,
1.2508146,23.807642,2671,,
1.2611336,23.827111,2672,,
1.2515934,23.828734,2673,,
1.261458,23.831979,2674,,
1.2611336,23.846581,2675,,
1.2626912,23.862806,2676,,
1.2619772,23.861183,2677,,
1.2555522,23.843336,2678,,
1.2543192,23.877408,2679,,
1.2538,23.888765,2680,,
1.260874,23.896877,2681,,
1.2609388,23.906612,2682,,
1.251204,23.917969,2683,,
1.2599004,23.917969,2684,,
1.2597706,23.927704,2685,,
1.2597706,23.937439,2686,,
1.259576,23.948796,2687,,
1.2501656,23.948796,2688,,
1.2510742,23.961776,2689,,
1.2495814,23.973133,2690,,
1.2606792,23.982868,2691,,
1.2507496,23.986113,2692,,
1.261458,23.987735,2693,,
1.258213,24.01045,2694,,
1.251788,24.031542,2695,,
1.258278,24.018562,2696,,
1.2611336,24.026675,2697,,
1.2571098,24.047767,2698,,
1.2521774,24.052634,2699,,
1.0077662,24.052634,2700,,
1.0014062,24.059124,2701,,
1.011141,24.060746,2702,,
0.9997188,24.063991,2703,,
0.9968632,24.075349,2704,,
1.01179,24.076971,2705,,
1.0095834,24.086706,2706,,
0.9987452,24.085083,2707,,
1.009843,24.093196,2708,,
1.0096484,24.096441,2709,,
1.000238,24.098063,2710,,
1.0006274,24.114288,2711,,
0.9984856,24.130512,2712,,
1.0102324,24.133757,2713,,
1.0093238,24.1224,2714,,
1.009194,24.120778,2715,,
1.0004326,24.140247,2716,,
1.007896,24.14836,2717,,
1.0093238,24.149982,2718,,
1.0095186,24.154849,2719,,
1.0080908,24.161339,2720,,
1.010492,24.172697,2721,,
1.0060788,24.172697,2722,,
1.0014062,24.185676,2723,,
1.0001082,24.193789,2724,,
1.0101676,24.200278,2725,,
1.009843,24.193789,2726,,
0.9993294,24.201901,2727,,
1.0004976,24.208391,2728,,
1.000238,24.24084,2729,,
0.9991346,24.221371,2730,,
1.0042616,24.226238,2731,,
0.9979016,24.23435,2732,,
1.0012114,24.239218,2733,,
1.009908,24.25382,2734,,
1.0096484,24.257065,2735,,
1.0011466,24.255442,2736,,
1.0090642,24.257065,2737,,
1.0005624,24.268422,2738,,
1.009194,24.268422,2739,,
1.0099728,24.276534,2740,,
1.0086748,24.281402,2741,,
0.9997188,24.291137,2742,,
1.009194,24.302494,2743,,
1.0094536,24.302494,2744,,
1.0080908,24.307361,2745,,
1.011141,24.321963,2746,,
0.9990698,24.321963,2747,,
1.0090642,24.320341,2748,,
1.009843,24.326831,2749,,
0.9986154,24.330076,2750,,
1.009908,24.341433,2751,,
1.0086748,24.3463,2752,,
1.0005624,24.35928,2753,,
1.0094536,24.351168,2754,,
0.9993294,24.364147,2755,,
1.01179,24.36577,2756,,
0.9986804,24.383617,2757,,
1.0106868,24.37875,2758,,
1.0027042,24.393352,2759,,
1.0080258,24.393352,2760,,
1.0006274,24.393352,2761,,
0.9992644,24.414444,2762,,
1.0014062,24.412821,2763,,
1.0003028,24.414444,2764,,
0.999589,24.420934,2765,,
1.0025744,24.424179,2766,,
0.9991996,24.438781,2767,,
1.0099728,24.448516,2768,,
1.0080908,24.45825,2769,,
1.0096484,24.445271,2770,,
1.0006274,24.45825,2771,,
1.0074418,24.492322,2772,,
1.012439,24.472853,2773,,
0.999589,24.480965,2774,,
1.0095186,24.47123,2775,,
1.0102324,24.480965,2776,,
0.9994592,24.493945,2777,,
1.0010816,24.500435,2778,,
1.0086748,24.500435,2779,,
1.0024446,24.510169,2780,,
1.0023148,24.516659,2781,,
0.9993942,24.521527,2782,,
1.0093238,24.531261,2783,,
0.999524,24.529639,2784,,
1.000887,24.539374,2785,,
1.0063384,24.545864,2786,,
1.0104272,24.550731,2787,,
1.0024446,24.555598,2788,,
1.000173,24.553976,2789,,
1.0103622,24.566956,2790,,
1.0091292,24.568578,2791,,
1.0108814,24.579935,2792,,
1.0080258,24.58318,2793,,
1.010492,24.586425,2794,,
0.999589,24.60265,2795,,
1.0004326,24.605895,2796,,
1.0003678,24.622119,2797,,
1.0106218,24.614007,2798,,
1.000887,24.622119,2799,,
1.2315394,24.633477,2800,,
1.2494516,24.648079,2801,,
1.2532158,24.656191,2802,,
1.2610038,24.664304,2803,,
1.2495814,24.682151,2804,,
1.2609388,24.675661,2805,,
1.262172,24.687018,2806,,
1.2522424,24.698375,2807,,
1.2617826,24.711355,2808,,
1.2510742,24.719467,2809,,
1.2526318,24.732447,2810,,
1.2591866,24.742182,2811,,
1.258862,24.740559,2812,,
1.2613932,24.758407,2813,,
1.2599654,24.773009,2814,,
1.2513338,24.781121,2815,,
1.2502304,24.789233,2816,,
1.2528264,24.795723,2817,,
1.2611336,24.811948,2818,,
1.2526318,24.815193,2819,,
1.249906,24.82655,2820,,
1.2528264,24.831417,2821,,
1.2611336,24.842775,2822,,
1.2504252,24.857377,2823,,
1.2525668,24.855754,2824,,
1.2610038,24.862244,2825,,
1.260874,24.876846,2826,,
1.2521126,24.880091,2827,,
1.2590568,24.886581,2828,,
1.2602898,24.909296,2829,,
1.2513338,24.915786,2830,,
1.258927,24.927143,2831,,
1.260874,24.930388,2832,,
1.2502954,24.935255,2833,,
1.2527616,24.954725,2834,,
1.2604196,24.966082,2835,,
1.25049,24.96446,2836,,
1.2519828,24.975817,2837,,
1.2606144,24.983929,2838,,
1.2528264,24.995286,2839,,
1.2502304,24.983929,2840,,
1.2618474,25.011511,2841,,
1.2611336,25.018001,2842,,
1.250555,25.045583,2843,,
1.2521126,25.03747,2844,,
1.2499708,25.055318,2845,,
1.2526966,25.060185,2846,,
1.2589918,25.061807,2847,,
1.2631454,25.078032,2848,,
1.2605494,25.082899,2849,,
1.2598356,25.100747,2850,,
1.2625614,25.102369,2851,,
1.258213,25.120216,2852,,
1.2515934,25.125084,2853,,
1.2534754,25.139686,2854,,
1.2597706,25.136441,2855,,
1.2532808,25.159155,2856,,
1.2586024,25.18187,2857,,
1.2554874,25.173757,2858,,
1.2502954,25.185115,2859,,
1.2514636,25.186737,2860,,
1.2609388,25.201339,2861,,
1.2590568,25.224054,2862,,
1.253735,25.217564,2863,,
1.258862,25.227299,2864,,
1.261523,25.230544,2865,,
1.258862,25.240279,2866,,
1.2520476,25.261371,2867,,
1.2599654,25.27435,2868,,
1.2508146,25.279218,2869,,
1.2619772,25.285708,2870,,
1.2495814,25.292197,2871,,
1.2521126,25.297065,2872,,
1.249906,25.313289,2873,,
1.252437,25.337626,2874,,
1.258862,25.334381,2875,,
1.2623666,25.336004,2876,,
1.2503602,25.344116,2877,,
1.2513986,25.347361,2878,,
1.2519178,25.365208,2879,,
1.2607442,25.378188,2880,,
1.2611336,25.387923,2881,,
1.256266,25.39279,2882,,
1.2618474,25.404147,2883,,
1.2594462,25.415505,2884,,
1.2607442,25.426862,2885,,
1.258927,25.434974,2886,,
1.252502,25.439842,2887,,
1.2506848,25.459311,2888,,
1.2632752,25.467424,2889,,
1.2599004,25.480403,2890,,
1.2623018,25.503118,2891,,
1.250555,25.488516,2892,,
1.2624964,25.501495,2893,,
1.2513338,25.506363,2894,,
1.260225,25.525832,2895,,
1.259576,25.5307,2896,,
1.2508146,25.537189,2897,,
1.2613282,25.540434,2898,,
1.2584078,25.563149,2899,,
1.2624964,25.571261,2900,,
1.26016,25.574506,2901,,
0.1886152,25.587486,2902,,
