0.00000000000000000,1,3.639265,10
0.00010000000000000,1,3.744727,11
0.00011000000000000,1,3.845321,12
0.00012100000000000,1,3.924824,13
0.00013310000000000,1,4.009193,14
0.00014641000000000,1,4.098431,15
0.00016105100000000,1,4.164953,16
0.00017715610000000,1,4.25419,17
0.00019487171000000,1,4.315845,18
0.00021435888100000,1,4.380745,19
0.00023579476910000,1,4.45538,20
0.00025937424601000,1,4.508922,21
0.00028531167061100,1,4.567332,22
0.00031384283767210,1,4.619251,23
0.00034522712143931,1,4.677661,24
0.00037974983358324,1,4.734448,25
0.00041772481694157,1,4.786368,26
0.00045949729863572,1,4.838288,27
0.00050544702849929,1,4.895075,28
0.00055599173134922,1,4.940505,29
0.00061159090448415,1,4.997292,30
0.00067274999493256,1,5.037855,31
0.00074002499442582,1,5.105999,32
0.00081402749386840,1,5.115734,33
0.00089543024325524,1,5.179012,34
0.00098497326758076,1,5.224441,35
0.00108347059433884,1,5.269871,36
0.00119181765377272,1,5.307189,37
0.00131099941915000,1,5.341261,38
0.00144209936106500,1,5.398048,39
0.00158630929717150,1,5.435366,40
0.00174494022688865,1,5.459703,41
0.00191943424957751,1,5.513245,42
0.00211137767453526,1,5.54894,43
0.00232251544198879,1,5.571655,44
0.00255476698618767,1,5.615462,45
0.00281024368480643,1,5.656025,46
0.00309126805328708,1,5.698209,47
0.00340039485861578,1,5.722547,48
0.00374043434447736,1,5.763109,49
0.00411447777892510,1,5.805294,50
0.00452592555681761,1,5.834499,51
0.00497851811249937,1,5.862081,52
0.00547636992374931,1,5.888041,53
0.00602400691612424,1,5.925358,54
0.00662640760773667,1,5.964298,55
0.00728904836851033,1,5.99188,56
0.00801795320536137,1,6.047045,57
0.00881974852589750,1,6.061647,58
0.00970172337848725,1,6.08923,59
0.01067189571633600,1,6.118435,60
0.01173908528796960,1,6.144395,61
0.01291299381676650,1,6.175222,62
0.01420429319844320,1,6.210917,63
0.01562472251828750,1,6.232009,64
0.01718719477011630,1,6.253101,65
0.01890591424712790,1,6.283929,66
0.02079650567184070,1,6.318001,67
0.02287615623902480,1,6.350451,68
0.02516377186292720,1,6.378033,69
0.02768014904922000,1,6.402371,70
0.03044816395414200,1,6.423463,71
0.03349298034955620,1,6.462403,72
0.03684227838451180,1,6.477005,73
0.04052650622296300,1,6.522435,74
0.04457915684525920,1,6.530547,75
0.04903707252978520,1,6.569487,76
0.05394077978276370,1,6.580845,77
0.05933485776104010,1,6.613294,78
0.06526834353714410,1,6.644122,79
0.07179517789085850,1,6.683062,80
0.07897469567994440,1,6.691174,81
0.08687216524793880,1,6.728491,82
0.09555938177273270,1,6.747961,83
0.10511531995000600,1,6.773921,84
0.11562685194500700,1,6.790146,85
0.12718953713950700,1,6.820973,86
0.13990849085345800,1,6.833953,87
0.15389933993880400,1,6.859913,88
0.16928927393268400,1,6.893985,89
0.18621820132595300,1,6.898853,90
0.20484002145854800,1,6.928058,91
0.22532402360440300,1,6.960507,92
0.24785642596484300,1,6.976732,93
0.27264206856132700,1,7.002692,94
0.29990627541746000,1,7.01405,95
0.32989690295920600,1,7.023785,96
0.36288659325512700,1,7.065969,97
0.39917525258063900,1,7.103287,98
0.43909277783870300,1,7.116266,99
0.48300205562257400,1,7.135736,100
0.53130226118483100,1,7.150339,101
0.58443248730331400,1,7.169809,102
0.64287573603364600,1,7.205503,103
0.70716330963701000,1,7.213616,104
0.77787964060071200,1,7.247688,105
0.85566760466078300,1,7.255801,106
0.94123436512686100,1,7.293118,107
1.03535780163955000,1,7.30123,108
1.13889358180350000,1,7.319078,109
1.25278293998385000,1,7.348282,110
1.37806123398224000,1,7.36613,111
1.51586735738046000,1,7.383977,112
1.66745409311851000,1,7.416427,113
1.83419950243036000,1,7.422917,114
2.01761945267340000,1,7.455367,115
2.21938139794074000,1,7.466724,116
2.44131953773481000,1,7.494307,117
2.68545149150829000,1,7.512154,118
2.95399664065912000,1,7.530001,119
3.24939630472503000,1,7.542981,120
3.57433593519754000,1,7.560829,121
3.93176952871729000,1,7.577053,122
4.32494648158902000,1,7.603013,123
4.75744112974792000,1,7.620861,124
5.23318524272271000,1,7.651688,125
5.75650376699498000,1,7.671158,126
6.33215414369448000,1,7.682515,127
6.96536955806393000,1,7.695495,128
7.66190651387033000,1,7.719832,129
8.42809716525736000,1,7.73768,130
9.27090688178310000,1,7.75715,131
10.00000000000000000,1,7.765262,132
11.00000000000000000,1,7.792844,133
12.00000000000000000,1,7.809069,134
13.00000000000000000,1,7.838274,135
14.00000000000000000,1,7.843142,136
15.00000000000000000,1,7.872346,137
16.00000000000000000,1,7.885326,138
17.00000000000000000,1,7.895061,139
18.00000000000000000,1,7.909664,140
19.00000000000000000,1,7.948603,141
20.00000000000000000,1,7.948603,142
21.00000000000000000,1,7.966451,143
22.00000000000000000,1,7.981053,144
23.00000000000000000,1,8.00539,145
24.00000000000000000,1,8.023238,146
25.00000000000000000,1,8.052443,147
26.00000000000000000,1,8.049198,148
27.00000000000000000,1,8.08327,149
28.00000000000000000,1,8.101117,150
29.00000000000000000,1,8.112475,151
30.00000000000000000,1,8.120587,152
31.00000000000000000,1,8.143302,153
32.00000000000000000,1,8.154659,154
33.00000000000000000,1,8.180619,155
34.00000000000000000,1,8.198467,156
35.00000000000000000,1,8.213069,157
36.00000000000000000,1,8.239029,158
37.00000000000000000,1,8.266611,159
38.00000000000000000,1,8.264989,160
39.00000000000000000,1,8.282836,161
40.00000000000000000,1,8.303928,162
41.00000000000000000,1,8.320153,163
42.00000000000000000,1,8.338001,164
43.00000000000000000,1,8.354225,165
44.00000000000000000,1,8.360715,166
45.00000000000000000,1,8.386675,167
46.00000000000000000,1,8.393165,168
47.00000000000000000,1,8.40939,169
48.00000000000000000,1,8.440217,170
49.00000000000000000,1,8.453197,171
50.00000000000000000,1,8.475912,172
51.00000000000000000,1,8.495382,173
52.00000000000000000,1,8.500249,174
53.00000000000000000,1,8.509984,175
54.00000000000000000,1,8.537567,176
55.00000000000000000,1,8.545679,177
56.00000000000000000,1,8.558659,178
57.00000000000000000,1,8.582996,179
58.00000000000000000,1,8.602466,180
59.00000000000000000,1,8.607334,181
60.00000000000000000,1,8.633293,182
61.00000000000000000,1,8.641406,183
62.00000000000000000,1,8.665743,184
63.00000000000000000,1,8.68359,185
64.00000000000000000,1,8.69657,186
65.00000000000000000,1,8.693325,187
66.00000000000000000,1,8.720908,188
67.00000000000000000,1,8.730643,189
68.00000000000000000,1,8.76147,190
69.00000000000000000,1,8.764715,191
70.00000000000000000,1,8.782562,192
71.00000000000000000,1,8.795542,193
72.00000000000000000,1,8.821502,194
73.00000000000000000,1,8.832859,195
74.00000000000000000,1,8.842594,196
75.00000000000000000,1,8.865309,197
76.00000000000000000,1,8.884779,198
77.00000000000000000,1,8.884779,199
78.00000000000000000,1,8.904249,200
79.00000000000000000,1,8.897759,201
80.00000000000000000,1,8.938321,202
81.00000000000000000,1,8.943188,203
82.00000000000000000,1,8.962658,204
83.00000000000000000,1,8.985373,205
84.00000000000000000,1,8.99673,206
85.00000000000000000,1,9.00322,207
86.00000000000000000,1,9.017823,208
87.00000000000000000,1,9.032425,209
88.00000000000000000,1,9.056762,210
89.00000000000000000,1,9.071365,211
90.00000000000000000,1,9.076232,212
91.00000000000000000,1,9.092457,213
92.00000000000000000,1,9.10057,214
93.00000000000000000,1,9.142754,215
94.00000000000000000,1,9.131397,216
95.00000000000000000,1,9.149244,217
96.00000000000000000,1,9.167092,218
97.00000000000000000,1,9.176826,219
98.00000000000000000,1,9.202786,220
99.00000000000000000,1,9.215766,221
100.00000000000000000,1,9.225501,222
101.00000000000000000,1,9.233613,223
102.00000000000000000,1,9.257951,224
103.00000000000000000,1,9.261196,225
104.00000000000000000,1,9.274176,226
105.00000000000000000,1,9.283911,227
106.00000000000000000,1,9.306625,228
107.00000000000000000,1,9.32285,229
108.00000000000000000,1,9.317983,230
109.00000000000000000,1,9.347188,231
110.00000000000000000,1,9.363412,232
111.00000000000000000,1,9.376392,233
112.00000000000000000,1,9.402352,234
113.00000000000000000,1,9.395862,235
114.00000000000000000,1,9.416954,236
115.00000000000000000,1,9.436424,237
116.00000000000000000,1,9.439669,238
117.00000000000000000,1,9.449404,239
118.00000000000000000,1,9.462384,240
119.00000000000000000,1,9.483476,241
120.00000000000000000,1,9.499701,242
121.00000000000000000,1,9.514304,243
122.00000000000000000,1,9.532151,244
123.00000000000000000,1,9.540263,245
124.00000000000000000,1,9.554866,246
125.00000000000000000,1,9.564601,247
126.00000000000000000,1,9.598673,248
127.00000000000000000,1,9.587315,249
128.00000000000000000,1,9.601918,250
129.00000000000000000,1,9.61652,251
130.00000000000000000,1,9.6295,252
131.00000000000000000,1,9.644102,253
132.00000000000000000,1,9.660327,254
133.00000000000000000,1,9.665195,255
134.00000000000000000,1,9.671685,256
135.00000000000000000,1,9.692777,257
136.00000000000000000,1,9.718737,258
137.00000000000000000,1,9.721982,259
138.00000000000000000,1,9.736584,260
139.00000000000000000,1,9.741452,261
140.00000000000000000,1,9.759299,262
141.00000000000000000,1,9.782014,263
142.00000000000000000,1,9.783636,264
143.00000000000000000,1,9.799861,265
144.00000000000000000,1,9.816086,266
145.00000000000000000,1,9.829066,267
146.00000000000000000,1,9.842046,268
147.00000000000000000,1,9.848536,269
148.00000000000000000,1,9.859893,270
149.00000000000000000,1,9.876118,271
150.00000000000000000,1,9.898833,272
151.00000000000000000,1,9.893965,273
152.00000000000000000,1,9.908568,274
153.00000000000000000,1,9.921547,275
154.00000000000000000,1,9.939395,276
155.00000000000000000,1,9.94913,277
156.00000000000000000,1,9.973467,278
157.00000000000000000,1,9.981579,279
158.00000000000000000,1,9.981579,280
159.00000000000000000,1,10.004294,281
160.00000000000000000,1,10.033499,282
161.00000000000000000,1,10.020519,283
162.00000000000000000,1,10.041611,284
163.00000000000000000,1,10.062704,285
164.00000000000000000,1,10.077306,286
165.00000000000000000,1,10.083796,287
166.00000000000000000,1,10.090286,288
167.00000000000000000,1,10.106511,289
168.00000000000000000,1,10.111378,290
169.00000000000000000,1,10.124358,291
170.00000000000000000,1,10.15194,292
171.00000000000000000,1,10.17141,293
172.00000000000000000,1,10.156808,294
173.00000000000000000,1,10.179523,295
174.00000000000000000,1,10.21684,296
175.00000000000000000,1,10.211972,297
176.00000000000000000,1,10.21684,298
177.00000000000000000,1,10.215217,299
178.00000000000000000,1,10.215217,300
179.00000000000000000,1,10.250912,301
180.00000000000000000,1,10.255779,302
181.00000000000000000,1,10.283362,303
182.00000000000000000,1,10.286607,304
183.00000000000000000,1,10.302831,305
184.00000000000000000,1,10.312566,306
185.00000000000000000,1,10.328791,307
186.00000000000000000,1,10.328791,308
187.00000000000000000,1,10.341771,309
188.00000000000000000,1,10.367731,310
189.00000000000000000,1,10.366108,311
190.00000000000000000,1,10.388823,312
191.00000000000000000,1,10.398558,313
192.00000000000000000,1,10.401803,314
193.00000000000000000,1,10.41316,315
194.00000000000000000,1,10.43263,316
195.00000000000000000,1,10.450478,317
196.00000000000000000,1,10.447233,318
197.00000000000000000,1,10.45859,319
198.00000000000000000,1,10.492662,320
199.00000000000000000,1,10.505642,321
200.00000000000000000,1,10.539714,322
201.00000000000000000,1,10.564051,323
202.00000000000000000,1,10.583521,324
203.00000000000000000,1,10.619216,325
204.00000000000000000,1,10.620838,326
205.00000000000000000,1,10.651666,327
206.00000000000000000,1,10.671135,328
207.00000000000000000,1,10.705208,329
208.00000000000000000,1,10.70683,330
209.00000000000000000,1,10.740902,331
210.00000000000000000,1,10.761995,332
211.00000000000000000,1,10.778219,333
212.00000000000000000,1,10.804179,334
213.00000000000000000,1,10.822026,335
214.00000000000000000,1,10.859344,336
215.00000000000000000,1,10.862589,337
216.00000000000000000,1,10.888548,338
217.00000000000000000,1,10.911263,339
218.00000000000000000,1,10.937223,340
219.00000000000000000,1,10.950203,341
220.00000000000000000,1,10.977785,342
221.00000000000000000,1,11.003745,343
222.00000000000000000,1,11.016724,344
223.00000000000000000,1,11.034572,345
224.00000000000000000,1,11.075134,346
225.00000000000000000,1,11.088114,347
226.00000000000000000,1,11.112451,348
227.00000000000000000,1,11.138411,349
228.00000000000000000,1,11.151391,350
229.00000000000000000,1,11.167615,351
230.00000000000000000,1,11.198443,352
231.00000000000000000,1,11.206555,353
232.00000000000000000,1,11.24225,354
233.00000000000000000,1,11.260097,355
234.00000000000000000,1,11.271454,356
235.00000000000000000,1,11.282812,357
236.00000000000000000,1,11.316884,358
237.00000000000000000,1,11.337976,359
238.00000000000000000,1,11.344466,360
239.00000000000000000,1,11.373671,361
240.00000000000000000,1,11.386651,362
241.00000000000000000,1,11.41261,363
242.00000000000000000,1,11.44506,364
243.00000000000000000,1,11.462907,365
244.00000000000000000,1,11.467775,366
245.00000000000000000,1,11.498602,367
246.00000000000000000,1,11.509959,368
247.00000000000000000,1,11.537542,369
248.00000000000000000,1,11.557011,370
249.00000000000000000,1,11.579726,371
250.00000000000000000,1,11.594329,372
251.00000000000000000,1,11.618666,373
252.00000000000000000,1,11.626778,374
253.00000000000000000,1,11.66085,375
254.00000000000000000,1,11.678698,376
255.00000000000000000,1,11.701412,377
256.00000000000000000,1,11.71277,378
257.00000000000000000,1,11.72575,379
258.00000000000000000,1,11.745219,380
259.00000000000000000,1,11.777669,381
260.00000000000000000,1,11.798761,382
261.00000000000000000,1,11.810119,383
262.00000000000000000,1,11.829588,384
263.00000000000000000,1,11.849058,385
264.00000000000000000,1,11.870151,386
265.00000000000000000,1,11.886375,387
266.00000000000000000,1,11.90909,388
267.00000000000000000,1,11.93505,389
268.00000000000000000,1,11.936672,390
269.00000000000000000,1,11.964254,391
270.00000000000000000,1,11.982102,392
271.00000000000000000,1,12.011306,393
272.00000000000000000,1,12.024286,394
273.00000000000000000,1,12.037266,395
274.00000000000000000,1,12.066471,396
275.00000000000000000,1,12.074583,397
276.00000000000000000,1,12.107033,398
277.00000000000000000,1,12.115145,399
278.00000000000000000,1,12.14435,400
279.00000000000000000,1,12.154085,401
280.00000000000000000,1,12.18329,402
281.00000000000000000,1,12.194647,403
282.00000000000000000,1,12.210872,404
283.00000000000000000,1,12.230342,405
284.00000000000000000,1,12.246566,406
285.00000000000000000,1,12.256301,407
286.00000000000000000,1,12.290373,408
287.00000000000000000,1,12.311466,409
288.00000000000000000,1,12.317956,410
289.00000000000000000,1,12.348783,411
290.00000000000000000,1,12.35365,412
291.00000000000000000,1,12.374742,413
292.00000000000000000,1,12.39908,414
293.00000000000000000,1,12.416927,415
294.00000000000000000,1,12.446132,416
295.00000000000000000,1,12.467224,417
296.00000000000000000,1,12.481826,418
297.00000000000000000,1,12.494806,419
298.00000000000000000,1,12.512653,420
299.00000000000000000,1,12.524011,421
300.00000000000000000,1,12.541858,422
301.00000000000000000,1,12.57593,423
302.00000000000000000,1,12.584043,424
303.00000000000000000,1,12.610002,425
304.00000000000000000,1,12.626227,426
305.00000000000000000,1,12.634339,427
306.00000000000000000,1,12.666789,428
307.00000000000000000,1,12.673279,429
308.00000000000000000,1,12.699239,430
309.00000000000000000,1,12.723576,431
310.00000000000000000,1,12.728443,432
311.00000000000000000,1,12.75927,433
312.00000000000000000,1,12.76576,434
313.00000000000000000,1,12.788475,435
314.00000000000000000,1,12.799832,436
315.00000000000000000,1,12.827415,437
316.00000000000000000,1,12.864732,438
317.00000000000000000,1,12.864732,439
318.00000000000000000,1,12.876089,440
319.00000000000000000,1,12.885824,441
320.00000000000000000,1,12.919896,442
321.00000000000000000,1.5,12.940988,443
322.00000000000000000,1.5,12.955591,444
323.00000000000000000,1.5,12.962081,445
324.00000000000000000,1.5,12.98155,446
325.00000000000000000,1.5,12.999398,447
326.00000000000000000,1.5,13.017245,448
327.00000000000000000,1.5,13.035092,449
328.00000000000000000,1.5,13.052939,450
329.00000000000000000,1.5,13.069164,451
330.00000000000000000,1.5,13.096746,452
331.00000000000000000,1.5,13.119461,453
332.00000000000000000,1.5,13.138931,454
333.00000000000000000,1.5,13.147043,455
334.00000000000000000,1.5,13.166513,456
335.00000000000000000,1.5,13.181115,457
336.00000000000000000,1.5,13.19734,458
337.00000000000000000,1.5,13.221677,459
338.00000000000000000,1.5,13.237902,460
339.00000000000000000,1.5,13.254127,461
340.00000000000000000,1.5,13.281709,462
341.00000000000000000,1.5,13.284954,463
342.00000000000000000,1.5,13.306046,464
343.00000000000000000,1.5,13.336874,465
344.00000000000000000,1.5,13.344986,466
345.00000000000000000,1.5,13.357966,467
346.00000000000000000,1.5,13.396905,468
347.00000000000000000,1.5,13.40664,469
348.00000000000000000,1.5,13.417998,470
349.00000000000000000,1.5,13.4326,471
350.00000000000000000,1.5,13.429355,472
351.00000000000000000,1.5,13.430977,473
352.00000000000000000,1.5,13.450447,474
353.00000000000000000,1.5,13.460182,475
354.00000000000000000,1.5,13.466672,476
355.00000000000000000,1.5,13.487764,477
356.00000000000000000,1.5,13.487764,478
357.00000000000000000,1.5,13.497499,479
358.00000000000000000,1.5,13.512101,480
359.00000000000000000,1.5,13.512101,481
360.00000000000000000,1.5,13.503989,482
361.00000000000000000,1.5,13.534816,483
362.00000000000000000,1.5,13.544551,484
363.00000000000000000,1.5,13.547796,485
364.00000000000000000,1.5,13.568888,486
365.00000000000000000,1.5,13.568888,487
366.00000000000000000,1.5,13.567266,488
367.00000000000000000,1.5,13.594848,489
368.00000000000000000,1.5,13.60296,490
369.00000000000000000,1.5,13.604583,491
370.00000000000000000,1.5,13.624052,492
371.00000000000000000,1.5,13.619185,493
372.00000000000000000,1.5,13.637032,494
373.00000000000000000,1.5,13.645145,495
374.00000000000000000,1.5,13.658125,496
375.00000000000000000,1.5,13.659747,497
376.00000000000000000,1.5,13.661369,498
377.00000000000000000,1.5,13.682462,499
378.00000000000000000,1.5,13.700309,500
379.00000000000000000,1.5,13.698687,501
380.00000000000000000,1.5,13.710044,502
381.00000000000000000,1.5,13.716534,503
382.00000000000000000,1.5,13.734381,504
383.00000000000000000,1.5,13.747361,505
384.00000000000000000,1.5,13.748983,506
385.00000000000000000,1.5,13.757096,507
386.00000000000000000,1.5,13.770076,508
387.00000000000000000,1.5,13.781433,509
388.00000000000000000,1.5,13.789545,510
389.00000000000000000,1.5,13.794413,511
390.00000000000000000,1.5,13.804148,512
391.00000000000000000,1.5,13.787923,513
392.00000000000000000,1.5,13.817128,514
393.00000000000000000,1.5,13.839842,515
394.00000000000000000,1.5,13.841465,516
395.00000000000000000,1.5,13.852822,517
396.00000000000000000,1.5,13.896629,518
397.00000000000000000,1.5,13.873914,519
398.00000000000000000,1.5,13.878782,520
399.00000000000000000,1.5,13.880404,521
400.00000000000000000,1.5,13.906364,522
401.00000000000000000,1.5,13.925834,523
402.00000000000000000,1.5,13.924211,524
403.00000000000000000,1.5,13.924211,525
404.00000000000000000,1.5,13.930701,526
405.00000000000000000,1.5,13.940436,527
406.00000000000000000,1.5,13.945303,528
407.00000000000000000,1.5,13.959906,529
408.00000000000000000,1.5,13.977753,530
409.00000000000000000,1.5,13.987488,531
410.00000000000000000,1.5,13.993978,532
411.00000000000000000,1.5,14.011825,533
412.00000000000000000,1.5,14.02156,534
413.00000000000000000,1.5,14.023182,535
414.00000000000000000,1.5,14.003713,536
415.00000000000000000,1.5,14.03454,537
416.00000000000000000,1.5,14.04752,538
417.00000000000000000,1.5,14.055632,539
418.00000000000000000,1.5,14.065367,540
419.00000000000000000,1.5,14.086459,541
420.00000000000000000,1.5,14.096194,542
421.00000000000000000,1.5,14.105929,543
422.00000000000000000,1.5,14.101061,544
423.00000000000000000,1.5,14.107551,545
424.00000000000000000,1.5,14.122154,546
425.00000000000000000,1.5,14.136756,547
426.00000000000000000,1.5,14.143246,548
427.00000000000000000,1.5,14.149736,549
428.00000000000000000,1.5,14.156226,550
429.00000000000000000,1.5,14.165961,551
430.00000000000000000,1.5,14.180563,552
431.00000000000000000,1.5,14.187053,553
432.00000000000000000,1.5,14.206523,554
433.00000000000000000,1.5,14.214635,555
434.00000000000000000,1.5,14.209767,556
435.00000000000000000,1.5,14.22437,557
436.00000000000000000,1.5,14.23086,558
437.00000000000000000,1.5,14.250329,559
438.00000000000000000,1.5,14.253574,560
439.00000000000000000,1.5,14.255197,561
440.00000000000000000,1.5,14.279534,562
441.00000000000000000,1.5,14.276289,563
442.00000000000000000,1.5,14.284401,564
443.00000000000000000,1.5,14.300626,565
444.00000000000000000,1.5,14.307116,566
445.00000000000000000,1.5,14.316851,567
446.00000000000000000,1.5,14.331453,568
447.00000000000000000,1.5,14.344433,569
448.00000000000000000,1.5,14.341188,570
449.00000000000000000,1.5,14.346056,571
450.00000000000000000,1.5,14.373638,572
451.00000000000000000,1.5,14.370393,573
452.00000000000000000,1.5,14.39473,574
453.00000000000000000,1.5,14.39473,575
454.00000000000000000,1.5,14.406087,576
455.00000000000000000,1.5,14.42069,577
456.00000000000000000,1.5,14.422312,578
457.00000000000000000,1.5,14.43367,579
458.00000000000000000,1.5,14.440159,580
459.00000000000000000,1.5,14.446649,581
460.00000000000000000,1.5,14.451517,582
461.00000000000000000,1.5,14.469364,583
462.00000000000000000,1.5,14.479099,584
463.00000000000000000,1.5,14.493701,585
464.00000000000000000,1.5,14.503436,586
465.00000000000000000,1.5,14.498569,587
466.00000000000000000,1.5,14.511548,588
467.00000000000000000,1.5,14.522906,589
468.00000000000000000,1.5,14.531018,590
469.00000000000000000,1.5,14.545621,591
470.00000000000000000,1.5,14.555355,592
471.00000000000000000,1,14.563468,593
472.00000000000000000,1,14.566713,594
473.00000000000000000,1,14.57807,595
474.00000000000000000,1,14.582938,596
475.00000000000000000,1,14.592672,597
476.00000000000000000,1,14.60403,598
477.00000000000000000,1,14.59754,599
478.00000000000000000,1,14.620255,600
479.00000000000000000,1,14.642969,601
480.00000000000000000,1,14.642969,602
481.00000000000000000,1,14.651082,603
482.00000000000000000,1,14.634857,604
483.00000000000000000,1,14.672174,605
484.00000000000000000,1,14.690021,606
485.00000000000000000,1,14.693266,607
486.00000000000000000,1,14.707868,608
487.00000000000000000,1,14.727338,609
488.00000000000000000,1,14.715981,610
489.00000000000000000,1,14.73545,611
490.00000000000000000,1,14.73545,612
491.00000000000000000,1,14.732206,613
492.00000000000000000,1,14.759788,614
493.00000000000000000,1,14.7679,615
494.00000000000000000,1,14.772767,616
495.00000000000000000,1,14.776012,617
496.00000000000000000,1,14.798727,618
497.00000000000000000,1,14.798727,619
498.00000000000000000,1,14.810084,620
499.00000000000000000,1,14.842534,621
500.00000000000000000,1,14.860381,622
501.00000000000000000,1,14.881473,623
502.00000000000000000,1,14.896076,624
503.00000000000000000,1,14.909056,625
504.00000000000000000,1,14.91879,626
505.00000000000000000,1,14.936638,627
506.00000000000000000,1,14.952863,628
507.00000000000000000,1,14.97071,629
508.00000000000000000,1,14.996669,630
509.00000000000000000,1,15.021007,631
510.00000000000000000,1,15.024252,632
511.00000000000000000,1,15.056701,633
512.00000000000000000,1,15.063191,634
513.00000000000000000,1,15.085906,635
514.00000000000000000,1,15.097263,636
515.00000000000000000,1,15.123223,637
516.00000000000000000,1,15.131335,638
517.00000000000000000,1,15.145937,639
518.00000000000000000,1,15.168652,640
519.00000000000000000,1,15.175142,641
520.00000000000000000,1,15.196234,642
521.00000000000000000,1,15.218949,643
522.00000000000000000,1,15.233551,644
523.00000000000000000,1,15.259511,645
524.00000000000000000,1,15.270868,646
525.00000000000000000,1,15.283848,647
526.00000000000000000,1,15.296828,648
527.00000000000000000,1,15.32441,649
528.00000000000000000,1,15.3309,650
529.00000000000000000,1,15.361727,651
530.00000000000000000,1,15.368217,652
531.00000000000000000,1,15.394176,653
532.00000000000000000,1,15.400666,654
533.00000000000000000,1,15.425003,655
534.00000000000000000,1,15.446096,656
535.00000000000000000,1,15.45583,657
536.00000000000000000,1,15.472055,658
537.00000000000000000,1,15.48179,659
538.00000000000000000,1,15.509372,660
539.00000000000000000,1,15.525597,661
540.00000000000000000,1,15.538577,662
541.00000000000000000,1,15.559669,663
542.00000000000000000,1,15.572649,664
543.00000000000000000,1,15.601853,665
544.00000000000000000,1,15.618078,666
545.00000000000000000,1,15.622946,667
546.00000000000000000,1,15.647283,668
547.00000000000000000,1,15.663508,669
548.00000000000000000,1,15.686222,670
549.00000000000000000,1,15.694335,671
550.00000000000000000,1,15.712182,672
551.00000000000000000,1,15.726784,673
552.00000000000000000,1,15.744631,674
553.00000000000000000,1,15.762479,675
554.00000000000000000,1,15.783571,676
555.00000000000000000,1,15.790061,677
556.00000000000000000,1,15.817643,678
557.00000000000000000,1,15.83549,679
558.00000000000000000,1,15.84847,680
559.00000000000000000,1,15.869562,681
560.00000000000000000,1,15.884164,682
561.00000000000000000,1,15.903634,683
562.00000000000000000,1,15.916614,684
563.00000000000000000,1,15.936084,685
564.00000000000000000,1,15.957176,686
565.00000000000000000,1,15.976645,687
566.00000000000000000,1,15.994493,688
567.00000000000000000,1,16.004228,689
568.00000000000000000,1,16.023697,690
569.00000000000000000,1,16.03181,691
570.00000000000000000,1,16.062637,692
571.00000000000000000,1,16.067504,693
572.00000000000000000,1,16.088596,694
573.00000000000000000,1,16.099954,695
574.00000000000000000,1,16.153495,696
575.00000000000000000,1,16.15025,697
576.00000000000000000,1,16.15674,698
577.00000000000000000,1,16.179455,699
578.00000000000000000,1,16.18919,700
579.00000000000000000,1,16.218394,701
580.00000000000000000,1,16.224884,702
581.00000000000000000,1,16.237864,703
582.00000000000000000,1,16.258956,704
583.00000000000000000,1,16.280048,705
584.00000000000000000,1,16.299518,706
585.00000000000000000,1,16.317365,707
586.00000000000000000,1,16.325478,708
587.00000000000000000,1,16.356305,709
588.00000000000000000,1,16.362795,710
589.00000000000000000,1,16.382264,711
590.00000000000000000,1,16.404979,712
591.00000000000000000,1,16.417959,713
592.00000000000000000,1,16.430939,714
593.00000000000000000,1,16.445541,715
594.00000000000000000,1,16.474746,716
595.00000000000000000,1,16.489348,717
596.00000000000000000,1,16.499083,718
597.00000000000000000,1,16.526665,719
598.00000000000000000,1,16.539645,720
599.00000000000000000,1,16.560737,721
600.00000000000000000,1,16.578584,722
601.00000000000000000,1,16.576962,723
602.00000000000000000,1,16.607789,724
603.00000000000000000,1,16.617523,725
604.00000000000000000,1,16.640238,726
605.00000000000000000,1,16.641861,727
606.00000000000000000,1,16.682422,728
607.00000000000000000,1,16.690535,729
608.00000000000000000,1,16.703515,730
609.00000000000000000,1,16.727852,731
610.00000000000000000,1,16.760301,732
611.00000000000000000,1,16.753811,733
612.00000000000000000,1,16.778148,734
613.00000000000000000,1,16.795996,735
614.00000000000000000,1,16.817088,736
615.00000000000000000,1,16.830068,737
616.00000000000000000,1,16.843047,738
617.00000000000000000,1,16.859272,739
618.00000000000000000,1,16.873874,740
619.00000000000000000,1,16.890099,741
620.00000000000000000,1,16.890099,742
621.00000000000000000,1,16.917681,743
622.00000000000000000,1,16.940396,744
623.00000000000000000,1.5,16.971223,745
624.00000000000000000,1.5,16.972845,746
625.00000000000000000,1.5,16.993938,747
626.00000000000000000,1.5,17.006917,748
627.00000000000000000,1.5,17.02801,749
628.00000000000000000,1.5,17.049102,750
629.00000000000000000,1.5,17.065326,751
630.00000000000000000,1.5,17.078306,752
631.00000000000000000,1.5,17.101021,753
632.00000000000000000,1.5,17.114001,754
633.00000000000000000,1.5,17.136715,755
634.00000000000000000,1.5,17.144828,756
635.00000000000000000,1.5,17.167542,757
636.00000000000000000,1.5,17.174032,758
637.00000000000000000,1.5,17.198369,759
638.00000000000000000,1.5,17.221084,760
639.00000000000000000,1.5,17.235686,761
640.00000000000000000,1.5,17.256778,762
641.00000000000000000,1.5,17.282738,763
642.00000000000000000,1.5,17.289228,764
643.00000000000000000,1.5,17.295718,765
644.00000000000000000,1.5,17.318433,766
645.00000000000000000,1.5,17.334657,767
646.00000000000000000,1.5,17.363862,768
647.00000000000000000,1.5,17.370352,769
648.00000000000000000,1.5,17.386576,770
649.00000000000000000,1.5,17.404424,771
650.00000000000000000,1.5,17.397934,772
651.00000000000000000,1.5,17.409291,773
652.00000000000000000,1.5,17.422271,774
653.00000000000000000,1.5,17.427138,775
654.00000000000000000,1.5,17.438496,776
655.00000000000000000,1.5,17.451475,777
656.00000000000000000,1.5,17.451475,778
657.00000000000000000,1.5,17.459588,779
658.00000000000000000,1.5,17.472568,780
659.00000000000000000,1.5,17.485547,781
660.00000000000000000,1.5,17.49366,782
661.00000000000000000,1.5,17.495282,783
662.00000000000000000,1.5,17.509884,784
663.00000000000000000,1.5,17.526109,785
664.00000000000000000,1.5,17.535844,786
665.00000000000000000,1.5,17.542334,787
666.00000000000000000,1.5,17.542334,788
667.00000000000000000,1.5,17.563426,789
668.00000000000000000,1.5,17.556936,790
669.00000000000000000,1.5,17.571538,791
670.00000000000000000,1.5,17.576406,792
671.00000000000000000,1.5,17.584518,793
672.00000000000000000,1.5,17.607233,794
673.00000000000000000,1.5,17.608855,795
674.00000000000000000,1.5,17.616968,796
675.00000000000000000,1.5,17.62508,797
676.00000000000000000,1.5,17.636437,798
677.00000000000000000,1.5,17.647795,799
678.00000000000000000,1.5,17.664019,800
679.00000000000000000,1.5,17.659152,801
680.00000000000000000,1.5,17.680244,802
681.00000000000000000,1.5,17.676999,803
682.00000000000000000,1.5,17.689979,804
683.00000000000000000,1.5,17.701336,805
684.00000000000000000,1.5,17.711071,806
685.00000000000000000,1.5,17.717561,807
686.00000000000000000,1.5,17.728918,808
687.00000000000000000,1.5,17.735408,809
688.00000000000000000,1.5,17.751633,810
689.00000000000000000,1.5,17.761368,811
690.00000000000000000,1.5,17.7565,812
691.00000000000000000,1.5,17.777593,813
692.00000000000000000,1.5,17.779215,814
693.00000000000000000,1.5,17.779215,815
694.00000000000000000,1.5,17.798685,816
695.00000000000000000,1.5,17.806797,817
696.00000000000000000,1.5,17.80842,818
697.00000000000000000,1.5,17.827889,819
698.00000000000000000,1.5,17.839247,820
699.00000000000000000,1.5,17.847359,821
700.00000000000000000,1.5,17.855471,822
701.00000000000000000,1.5,17.871696,823
702.00000000000000000,1.5,17.878186,824
703.00000000000000000,1.5,17.879808,825
704.00000000000000000,1.5,17.902523,826
705.00000000000000000,1.5,17.910635,827
706.00000000000000000,1.5,17.909013,828
707.00000000000000000,1.5,17.925238,829
708.00000000000000000,1.5,17.930105,830
709.00000000000000000,1.5,17.936595,831
710.00000000000000000,1.5,17.944707,832
711.00000000000000000,1.5,17.947952,833
712.00000000000000000,1.5,17.970667,834
713.00000000000000000,1.5,17.983647,835
714.00000000000000000,1.5,17.991759,836
715.00000000000000000,1.5,17.993382,837
716.00000000000000000,1.5,18.004739,838
717.00000000000000000,1.5,18.016096,839
718.00000000000000000,1.5,18.029076,840
719.00000000000000000,1.5,18.027454,841
720.00000000000000000,1.5,18.038811,842
721.00000000000000000,1.5,18.061525,843
722.00000000000000000,1.5,18.056658,844
723.00000000000000000,1.5,18.06477,845
724.00000000000000000,1.5,18.082618,846
725.00000000000000000,1.5,18.09073,847
726.00000000000000000,1.5,18.095597,848
727.00000000000000000,1.5,18.102087,849
728.00000000000000000,1.5,18.119935,850
729.00000000000000000,1.5,18.129669,851
730.00000000000000000,1.5,18.139404,852
731.00000000000000000,1.5,18.137782,853
732.00000000000000000,1.5,18.163741,854
733.00000000000000000,1.5,18.163741,855
734.00000000000000000,1.5,18.175099,856
735.00000000000000000,1.5,18.181589,857
736.00000000000000000,1.5,18.192946,858
737.00000000000000000,1.5,18.194568,859
738.00000000000000000,1.5,18.220528,860
739.00000000000000000,1.5,18.22864,861
740.00000000000000000,1.5,18.238375,862
741.00000000000000000,1.5,18.251355,863
742.00000000000000000,1.5,18.259467,864
743.00000000000000000,1.5,18.26758,865
744.00000000000000000,1.5,18.278937,866
745.00000000000000000,1.5,18.285427,867
746.00000000000000000,1.5,18.293539,868
747.00000000000000000,1.5,18.296784,869
748.00000000000000000,1.5,18.306519,870
749.00000000000000000,1.5,18.319499,871
750.00000000000000000,1.5,18.329234,872
751.00000000000000000,1.5,18.337346,873
752.00000000000000000,1.5,18.347081,874
753.00000000000000000,1.5,18.356816,875
754.00000000000000000,1.5,18.361683,876
755.00000000000000000,1.5,18.37304,877
756.00000000000000000,1.5,18.38602,878
757.00000000000000000,1.5,18.390888,879
758.00000000000000000,1.5,18.399,880
759.00000000000000000,1.5,18.421715,881
760.00000000000000000,1.5,18.428204,882
761.00000000000000000,1.5,18.426582,883
762.00000000000000000,1.5,18.439562,884
763.00000000000000000,1.5,18.449297,885
764.00000000000000000,1.5,18.455786,886
765.00000000000000000,1.5,18.467144,887
766.00000000000000000,1.5,18.468766,888
767.00000000000000000,1.5,18.481746,889
768.00000000000000000,1.5,18.507706,890
769.00000000000000000,1.5,18.509328,891
770.00000000000000000,1.5,18.512573,892
771.00000000000000000,1,18.528798,893
772.00000000000000000,1,18.54989,894
773.00000000000000000,1,18.546645,895
774.00000000000000000,1,18.551512,896
775.00000000000000000,1,18.566115,897
776.00000000000000000,1,18.574227,898
777.00000000000000000,1,18.575849,899
778.00000000000000000,1,18.588829,900
779.00000000000000000,1,18.608299,901
780.00000000000000000,1,18.618034,902
781.00000000000000000,1,18.614789,903
782.00000000000000000,1,18.637503,904
783.00000000000000000,1,18.627769,905
784.00000000000000000,1,18.645616,906
785.00000000000000000,1,18.653728,907
786.00000000000000000,1,18.673198,908
787.00000000000000000,1,18.656973,909
788.00000000000000000,1,18.679688,910
789.00000000000000000,1,18.666708,911
790.00000000000000000,1,18.705647,912
791.00000000000000000,1,18.710515,913
792.00000000000000000,1,18.729984,914
793.00000000000000000,1,18.721872,915
794.00000000000000000,1,18.751076,916
795.00000000000000000,1,18.759189,917
796.00000000000000000,1,18.762434,918
797.00000000000000000,1,18.770546,919
798.00000000000000000,1,18.780281,920
799.00000000000000000,1,18.809485,921
800.00000000000000000,1,18.8322,922
801.00000000000000000,1,18.840312,923
802.00000000000000000,1,18.863027,924
803.00000000000000000,1,18.877629,925
804.00000000000000000,1,18.893854,926
805.00000000000000000,1,18.916569,927
806.00000000000000000,1,18.924681,928
807.00000000000000000,1,18.947396,929
808.00000000000000000,1,19.000937,930
809.00000000000000000,1,18.997692,931
810.00000000000000000,1,19.012294,932
811.00000000000000000,1,19.028519,933
812.00000000000000000,1,19.046366,934
813.00000000000000000,1,19.077193,935
814.00000000000000000,1,19.077193,936
815.00000000000000000,1,19.093418,937
816.00000000000000000,1,19.109643,938
817.00000000000000000,1,19.14047,939
818.00000000000000000,1,19.148582,940
819.00000000000000000,1,19.176164,941
820.00000000000000000,1,19.189144,942
821.00000000000000000,1,19.205369,943
822.00000000000000000,1,19.226461,944
823.00000000000000000,1,19.249175,945
824.00000000000000000,1,19.2654,946
825.00000000000000000,1,19.28487,947
826.00000000000000000,1,19.297849,948
827.00000000000000000,1,19.312452,949
828.00000000000000000,1,19.330299,950
829.00000000000000000,1,19.369238,951
830.00000000000000000,1,19.374106,952
831.00000000000000000,1,19.39033,953
832.00000000000000000,1,19.411422,954
833.00000000000000000,1,19.424402,955
834.00000000000000000,1,19.450362,956
835.00000000000000000,1,19.473076,957
836.00000000000000000,1,19.473076,958
837.00000000000000000,1,19.499036,959
838.00000000000000000,1,19.520128,960
839.00000000000000000,1,19.533108,961
840.00000000000000000,1,19.555822,962
841.00000000000000000,1,19.572047,963
842.00000000000000000,1,19.586649,964
843.00000000000000000,1,19.602874,965
844.00000000000000000,1,19.632079,966
845.00000000000000000,1,19.648303,967
846.00000000000000000,1,19.66615,968
847.00000000000000000,1,19.688865,969
848.00000000000000000,1,19.6986,970
849.00000000000000000,1,19.719692,971
850.00000000000000000,1,19.724559,972
851.00000000000000000,1,19.760254,973
852.00000000000000000,1,19.774856,974
853.00000000000000000,1,19.787836,975
854.00000000000000000,1,19.81704,976
855.00000000000000000,1,19.838132,977
856.00000000000000000,1,19.846245,978
857.00000000000000000,1,19.867337,979
858.00000000000000000,1,19.873827,980
859.00000000000000000,1,19.906276,981
860.00000000000000000,1,19.912766,982
861.00000000000000000,1,19.946838,983
862.00000000000000000,1,19.951705,984
863.00000000000000000,1,19.976042,985
864.00000000000000000,1,19.992267,986
865.00000000000000000,1,19.998757,987
866.00000000000000000,1,20.019849,988
867.00000000000000000,1,20.045809,989
868.00000000000000000,1,20.075013,990
869.00000000000000000,1,20.079881,991
870.00000000000000000,1,20.096105,992
871.00000000000000000,1,20.110707,993
872.00000000000000000,1,20.144779,994
873.00000000000000000,1,20.151269,995
874.00000000000000000,1,20.172361,996
875.00000000000000000,1,20.191831,997
876.00000000000000000,1,20.22428,998
877.00000000000000000,1,20.225903,999
878.00000000000000000,1,20.25673,1000
879.00000000000000000,1,20.276199,1001
880.00000000000000000,1,20.294047,1002
881.00000000000000000,1,20.307026,1003
882.00000000000000000,1,20.339476,1004
883.00000000000000000,1,20.350833,1005
884.00000000000000000,1,20.367058,1006
885.00000000000000000,1,20.38815,1007
886.00000000000000000,1,20.405997,1008
887.00000000000000000,1,20.420599,1009
888.00000000000000000,1,20.449804,1010
889.00000000000000000,1,20.461161,1011
890.00000000000000000,1,20.496855,1012
891.00000000000000000,1,20.50659,1013
892.00000000000000000,1,20.547152,1014
893.00000000000000000,1,20.553642,1015
894.00000000000000000,1,20.563377,1016
895.00000000000000000,1,20.594204,1017
896.00000000000000000,1,20.605561,1018
897.00000000000000000,1,20.633143,1019
898.00000000000000000,1,20.634765,1020
899.00000000000000000,1,20.667215,1021
900.00000000000000000,1,20.685062,1022
901.00000000000000000,1,20.706154,1023
902.00000000000000000,1,20.733736,1024
903.00000000000000000,1,20.745093,1025
904.00000000000000000,1,20.771053,1026
905.00000000000000000,1,20.774298,1027
906.00000000000000000,1,20.797012,1028
907.00000000000000000,1,20.816482,1029
908.00000000000000000,1,20.840819,1030
909.00000000000000000,1,20.866778,1031
910.00000000000000000,1,20.881381,1032
911.00000000000000000,1,20.908963,1033
912.00000000000000000,1,20.92681,1034
913.00000000000000000,1,20.941412,1035
914.00000000000000000,1,20.957637,1036
915.00000000000000000,1,20.978729,1037
916.00000000000000000,1,20.996576,1038
917.00000000000000000,1,21.009556,1039
918.00000000000000000,1,21.040383,1040
919.00000000000000000,1,21.066342,1041
920.00000000000000000,1,21.089057,1042
921.00000000000000000,1.5,21.100414,1043
922.00000000000000000,1.5,21.129618,1044
923.00000000000000000,1.5,21.142598,1045
924.00000000000000000,1.5,21.162068,1046
925.00000000000000000,1.5,21.192895,1047
926.00000000000000000,1.5,21.199385,1048
927.00000000000000000,1.5,21.223722,1049
928.00000000000000000,1.5,21.236701,1050
929.00000000000000000,1.5,21.272396,1051
930.00000000000000000,1.5,21.290243,1052
931.00000000000000000,1.5,21.31458,1053
932.00000000000000000,1.5,21.322692,1054
933.00000000000000000,1.5,21.342162,1055
934.00000000000000000,1.5,21.372989,1056
935.00000000000000000,1.5,21.385969,1057
936.00000000000000000,1.5,21.407061,1058
937.00000000000000000,1.5,21.43302,1059
938.00000000000000000,1.5,21.449245,1060
939.00000000000000000,1.5,21.46547,1061
940.00000000000000000,1.5,21.491429,1062
941.00000000000000000,1.5,21.517389,1063
942.00000000000000000,1.5,21.535236,1064
943.00000000000000000,1.5,21.548215,1065
944.00000000000000000,1.5,21.574175,1066
945.00000000000000000,1.5,21.579042,1067
946.00000000000000000,1.5,21.622849,1068
947.00000000000000000,1.5,21.634206,1069
948.00000000000000000,1.5,21.648809,1070
949.00000000000000000,1.5,21.661788,1071
950.00000000000000000,1.5,21.668278,1072
951.00000000000000000,1.5,21.68288,1073
952.00000000000000000,1.5,21.68937,1074
953.00000000000000000,1.5,21.703972,1075
954.00000000000000000,1.5,21.705595,1076
955.00000000000000000,1.5,21.716952,1077
956.00000000000000000,1.5,21.733177,1078
957.00000000000000000,1.5,21.747779,1079
958.00000000000000000,1.5,21.759136,1080
959.00000000000000000,1.5,21.764004,1081
960.00000000000000000,1.5,21.775361,1082
961.00000000000000000,1.5,21.780228,1083
962.00000000000000000,1.5,21.798076,1084
963.00000000000000000,1.5,21.812678,1085
964.00000000000000000,1.5,21.80781,1086
965.00000000000000000,1.5,21.835392,1087
966.00000000000000000,1.5,21.85324,1088
967.00000000000000000,1.5,21.862974,1089
968.00000000000000000,1.5,21.867842,1090
969.00000000000000000,1.5,21.884066,1091
970.00000000000000000,1.5,21.888934,1092
971.00000000000000000,1.5,21.890556,1093
972.00000000000000000,1.5,21.910026,1094
973.00000000000000000,1.5,21.924628,1095
974.00000000000000000,1.5,21.93274,1096
975.00000000000000000,1.5,21.947343,1097
976.00000000000000000,1.5,21.948965,1098
977.00000000000000000,1.5,21.973302,1099
978.00000000000000000,1.5,21.979792,1100
979.00000000000000000,1.5,21.987904,1101
980.00000000000000000,1.5,22.000884,1102
981.00000000000000000,1.5,22.018731,1103
982.00000000000000000,1.5,22.051181,1104
983.00000000000000000,1.5,22.046313,1105
984.00000000000000000,1.5,22.043068,1106
985.00000000000000000,1.5,22.059293,1107
986.00000000000000000,1.5,22.07065,1108
987.00000000000000000,1.5,22.078763,1109
988.00000000000000000,1.5,22.093365,1110
989.00000000000000000,1.5,22.104722,1111
990.00000000000000000,1.5,22.114457,1112
991.00000000000000000,1.5,22.132304,1113
992.00000000000000000,1.5,22.127437,1114
993.00000000000000000,1.5,22.143661,1115
994.00000000000000000,1.5,22.169621,1116
995.00000000000000000,1.5,22.171243,1117
996.00000000000000000,1.5,22.180978,1118
997.00000000000000000,1.5,22.192335,1119
998.00000000000000000,1.5,22.19558,1120
999.00000000000000000,1.5,22.213427,1121
1000.00000000000000000,1.5,22.224785,1122
1001.00000000000000000,1.5,22.242632,1123
1002.00000000000000000,1.5,22.250744,1124
1003.00000000000000000,1.5,22.268591,1125
1004.00000000000000000,1.5,22.278326,1126
1005.00000000000000000,1.5,22.279949,1127
1006.00000000000000000,1.5,22.296173,1128
1007.00000000000000000,1.5,22.309153,1129
1008.00000000000000000,1.5,22.312398,1130
1009.00000000000000000,1.5,22.322133,1131
1010.00000000000000000,1.5,22.338357,1132
1011.00000000000000000,1.5,22.348092,1133
1012.00000000000000000,1.5,22.361072,1134
1013.00000000000000000,1.5,22.370807,1135
1014.00000000000000000,1.5,22.382164,1136
1015.00000000000000000,1.5,22.391899,1137
1016.00000000000000000,1.5,22.409746,1138
1017.00000000000000000,1.5,22.412991,1139
1018.00000000000000000,1.5,22.430838,1140
1019.00000000000000000,1.5,22.450308,1141
1020.00000000000000000,1.5,22.450308,1142
1021.00000000000000000,1.5,22.4714,1143
1022.00000000000000000,1.5,22.47789,1144
1023.00000000000000000,1.5,22.481135,1145
1024.00000000000000000,1.5,22.492492,1146
1025.00000000000000000,1.5,22.513584,1147
1026.00000000000000000,1.5,22.526564,1148
1027.00000000000000000,1.5,22.536298,1149
1028.00000000000000000,1.5,22.552523,1150
1029.00000000000000000,1.5,22.557391,1151
1030.00000000000000000,1.5,22.575238,1152
1031.00000000000000000,1.5,22.57686,1153
1032.00000000000000000,1.5,22.59633,1154
1033.00000000000000000,1.5,22.612554,1155
1034.00000000000000000,1.5,22.627157,1156
1035.00000000000000000,1.5,22.641759,1157
1036.00000000000000000,1.5,22.636891,1158
1037.00000000000000000,1.5,22.651494,1159
1038.00000000000000000,1.5,22.657983,1160
1039.00000000000000000,1.5,22.672586,1161
1040.00000000000000000,1.5,22.679076,1162
1041.00000000000000000,1.5,22.698545,1163
1042.00000000000000000,1.5,22.713147,1164
1043.00000000000000000,1.5,22.734239,1165
1044.00000000000000000,1.5,22.734239,1166
1045.00000000000000000,1.5,22.748842,1167
1046.00000000000000000,1.5,22.763444,1168
1047.00000000000000000,1.5,22.761821,1169
1048.00000000000000000,1.5,22.781291,1170
1049.00000000000000000,1.5,22.787781,1171
1050.00000000000000000,1.5,22.797516,1172
1051.00000000000000000,1.5,22.828343,1173
1052.00000000000000000,1.5,22.82023,1174
1053.00000000000000000,1.5,22.834832,1175
1054.00000000000000000,1.5,22.857547,1176
1055.00000000000000000,1.5,22.851057,1177
1056.00000000000000000,1.5,22.875394,1178
1057.00000000000000000,1.5,22.889996,1179
1058.00000000000000000,1.5,22.899731,1180
1059.00000000000000000,1.5,22.906221,1181
1060.00000000000000000,1.5,22.927313,1182
1061.00000000000000000,1.5,22.925691,1183
1062.00000000000000000,1.5,22.950028,1184
1063.00000000000000000,1.5,22.948405,1185
1064.00000000000000000,1.5,22.972742,1186
1065.00000000000000000,1.5,22.984099,1187
1066.00000000000000000,1.5,22.984099,1188
1067.00000000000000000,1.5,23.023039,1189
1068.00000000000000000,1.5,23.011681,1190
1069.00000000000000000,1.5,23.026283,1191
1070.00000000000000000,1,23.044131,1192
1071.00000000000000000,1,23.053865,1193
1072.00000000000000000,1,23.07009,1194
1073.00000000000000000,1,23.068468,1195
1074.00000000000000000,1,23.08307,1196
1075.00000000000000000,1,23.091182,1197
1076.00000000000000000,1,23.110652,1198
1077.00000000000000000,1,23.110652,1199
1078.00000000000000000,1,23.120387,1200
1079.00000000000000000,1,23.151213,1201
1080.00000000000000000,1,23.154458,1202
1081.00000000000000000,1,23.167438,1203
1082.00000000000000000,1,23.17555,1204
1083.00000000000000000,1,23.208,1205
1084.00000000000000000,1,23.203132,1206
1085.00000000000000000,1,23.219357,1207
1086.00000000000000000,1,23.230714,1208
1087.00000000000000000,1,23.237204,1209
1088.00000000000000000,1,23.253429,1210
1089.00000000000000000,1,23.256674,1211
1090.00000000000000000,1,23.261541,1212
1091.00000000000000000,1,23.290745,1213
1092.00000000000000000,1,23.295613,1214
1093.00000000000000000,1,23.308593,1215
1094.00000000000000000,1,23.324817,1216
1095.00000000000000000,1,23.334552,1217
1096.00000000000000000,1,23.357267,1218
1097.00000000000000000,1,23.358889,1219
1098.00000000000000000,1,23.371869,1220
1099.00000000000000000,1,23.41892,1221
1100.00000000000000000,1,23.422165,1222
1101.00000000000000000,1,23.456237,1223
1102.00000000000000000,1,23.482197,1224
1103.00000000000000000,1,23.504911,1225
1104.00000000000000000,1,23.529248,1226
1105.00000000000000000,1,23.551963,1227
1106.00000000000000000,1,23.584412,1228
1107.00000000000000000,1,23.616861,1229
1108.00000000000000000,1,23.649311,1230
1109.00000000000000000,1,23.670403,1231
1110.00000000000000000,1,23.697984,1232
1111.00000000000000000,1,23.728811,1233
1112.00000000000000000,1,23.756393,1234
1113.00000000000000000,1,23.78722,1235
1114.00000000000000000,1,23.808312,1236
1115.00000000000000000,1,23.845629,1237
1116.00000000000000000,1,23.850496,1238
1117.00000000000000000,1,23.873211,1239
1118.00000000000000000,1,23.902415,1240
1119.00000000000000000,1,23.933242,1241
1120.00000000000000000,1,23.954334,1242
1121.00000000000000000,1,23.993273,1243
1122.00000000000000000,1,24.003008,1244
1123.00000000000000000,1,24.032212,1245
1124.00000000000000000,1,24.059794,1246
1125.00000000000000000,1,24.077641,1247
1126.00000000000000000,1,24.105223,1248
1127.00000000000000000,1,24.13605,1249
1128.00000000000000000,1,24.150652,1250
1129.00000000000000000,1,24.186347,1251
1130.00000000000000000,1,24.200949,1252
1131.00000000000000000,1,24.246378,1253
1132.00000000000000000,1,24.246378,1254
1133.00000000000000000,1,24.278827,1255
1134.00000000000000000,1,24.306409,1256
1135.00000000000000000,1,24.332368,1257
1136.00000000000000000,1,24.36644,1258
1137.00000000000000000,1,24.382665,1259
1138.00000000000000000,1,24.424849,1260
1139.00000000000000000,1,24.449186,1261
1140.00000000000000000,1,24.462166,1262
1141.00000000000000000,1,24.496237,1263
1142.00000000000000000,1,24.515707,1264
1143.00000000000000000,1,24.546534,1265
1144.00000000000000000,1,24.572493,1266
1145.00000000000000000,1,24.604943,1267
1146.00000000000000000,1,24.640637,1268
1147.00000000000000000,1,24.666596,1269
1148.00000000000000000,1,24.687688,1270
1149.00000000000000000,1,24.710403,1271
1150.00000000000000000,1,24.737985,1272
1151.00000000000000000,1,24.770434,1273
1152.00000000000000000,1,24.807751,1274
1153.00000000000000000,1,24.823975,1275
1154.00000000000000000,1,24.85318,1276
1155.00000000000000000,1,24.888874,1277
1156.00000000000000000,1,24.919701,1278
1157.00000000000000000,1,24.93917,1279
1158.00000000000000000,1,24.974864,1280
1159.00000000000000000,1,25.004069,1281
1160.00000000000000000,1,25.023538,1282
1161.00000000000000000,1,25.059233,1283
1162.00000000000000000,1,25.08357,1284
1163.00000000000000000,1,25.116019,1285
1164.00000000000000000,1,25.143601,1286
1165.00000000000000000,1,25.179295,1287
1166.00000000000000000,1,25.200387,1288
1167.00000000000000000,1,25.234459,1289
1168.00000000000000000,1,25.266908,1290
1169.00000000000000000,1,25.305847,1291
1170.00000000000000000,1,25.322072,1292
1171.00000000000000000,1,25.361011,1293
1172.00000000000000000,1,25.396705,1294
1173.00000000000000000,1,25.429154,1295
1174.00000000000000000,1,25.463226,1296
1175.00000000000000000,1,25.477828,1297
1176.00000000000000000,1,25.507033,1298
1177.00000000000000000,1,25.544349,1299
1178.00000000000000000,1,25.567064,1300
1179.00000000000000000,1,25.602758,1301
1180.00000000000000000,1,25.631962,1302
1181.00000000000000000,1,25.662789,1303
1182.00000000000000000,1,25.704973,1304
1183.00000000000000000,1,25.727688,1305
1184.00000000000000000,1,25.761759,1306
1185.00000000000000000,1,25.802321,1307
1186.00000000000000000,1,25.826658,1308
1187.00000000000000000,1,25.898046,1309
1188.00000000000000000,1,25.901291,1310
1189.00000000000000000,1,25.930496,1311
1190.00000000000000000,1,25.962945,1312
1191.00000000000000000,1,26.005129,1313
1192.00000000000000000,1,26.044068,1314
1193.00000000000000000,1,26.06516,1315
1194.00000000000000000,1,26.097609,1316
1195.00000000000000000,1,26.143038,1317
1196.00000000000000000,1,26.173865,1318
1197.00000000000000000,1,26.206314,1319
1198.00000000000000000,1,26.243631,1320
1199.00000000000000000,1,26.293927,1321
1200.00000000000000000,1,26.319887,1322
1201.00000000000000000,1,26.349091,1323
1202.00000000000000000,1,26.386408,1324
1203.00000000000000000,1,26.422102,1325
1204.00000000000000000,1,26.459418,1326
1205.00000000000000000,1,26.496735,1327
1206.00000000000000000,1,26.555144,1328
1207.00000000000000000,1,26.572991,1329
1208.00000000000000000,1,26.595705,1330
1209.00000000000000000,1,26.603818,1331
1210.00000000000000000,1,26.629777,1332
1211.00000000000000000,1,26.633022,1333
1212.00000000000000000,1,26.646002,1334
1213.00000000000000000,1,26.673583,1335
1214.00000000000000000,1,26.7109,1336
1215.00000000000000000,1,26.757951,1337
1216.00000000000000000,1,26.796891,1338
1217.00000000000000000,1,26.847187,1339
1218.00000000000000000,1,26.895861,1340
1219.00000000000000000,1,26.929932,1341
1220.00000000000000000,1,26.981851,1342
1221.00000000000000000,1.5,27.03377,1343
1222.00000000000000000,1.5,27.087311,1344
1223.00000000000000000,1.5,27.116516,1345
1224.00000000000000000,1.5,27.155455,1346
1225.00000000000000000,1.5,27.202506,1347
1226.00000000000000000,1.5,27.24469,1348
1227.00000000000000000,1.5,27.304721,1349
1228.00000000000000000,1.5,27.338793,1350
1229.00000000000000000,1.5,27.387467,1351
1230.00000000000000000,1.5,27.437763,1352
1231.00000000000000000,1.5,27.478324,1353
1232.00000000000000000,1.5,27.54809,1354
1233.00000000000000000,1.5,27.593519,1355
1234.00000000000000000,1.5,27.634081,1356
1235.00000000000000000,1.5,27.67951,1357
1236.00000000000000000,1.5,27.731428,1358
1237.00000000000000000,1.5,27.77848,1359
1238.00000000000000000,1.5,27.822286,1360
1239.00000000000000000,1.5,27.874205,1361
1240.00000000000000000,1.5,27.921256,1362
1241.00000000000000000,1.5,27.98291,1363
1242.00000000000000000,1.5,28.029961,1364
1243.00000000000000000,1.5,28.073768,1365
1244.00000000000000000,1.5,28.122441,1366
1245.00000000000000000,1.5,28.177605,1367
1246.00000000000000000,1.5,28.231146,1368
1247.00000000000000000,1.5,28.278198,1369
1248.00000000000000000,1.5,28.338229,1370
1249.00000000000000000,1.5,28.331739,1371
1250.00000000000000000,1.5,28.3723,1372
1251.00000000000000000,1.5,28.393392,1373
1252.00000000000000000,1.5,28.411239,1374
1253.00000000000000000,1.5,28.445311,1375
1254.00000000000000000,1.5,28.476138,1376
1255.00000000000000000,1.5,28.492362,1377
1256.00000000000000000,1.5,28.518322,1378
1257.00000000000000000,1.5,28.536169,1379
1258.00000000000000000,1.5,28.566995,1380
1259.00000000000000000,1.5,28.581598,1381
1260.00000000000000000,1.5,28.605934,1382
1261.00000000000000000,1.5,28.636761,1383
1262.00000000000000000,1.5,28.661098,1384
1263.00000000000000000,1.5,28.68868,1385
1264.00000000000000000,1.5,28.708149,1386
1265.00000000000000000,1.5,28.734109,1387
1266.00000000000000000,1.5,28.758446,1388
1267.00000000000000000,1.5,28.786028,1389
1268.00000000000000000,1.5,28.799007,1390
1269.00000000000000000,1.5,28.834701,1391
1270.00000000000000000,1.5,28.854171,1392
1271.00000000000000000,1.5,28.881753,1393
1272.00000000000000000,1.5,28.90609,1394
1273.00000000000000000,1.5,28.932049,1395
1274.00000000000000000,1.5,28.954763,1396
1275.00000000000000000,1.5,28.98559,1397
1276.00000000000000000,1.5,28.996947,1398
1277.00000000000000000,1.5,29.027774,1399
1278.00000000000000000,1.5,29.045621,1400
1279.00000000000000000,1.5,29.076448,1401
1280.00000000000000000,1.5,29.095917,1402
1281.00000000000000000,1.5,29.133234,1403
1282.00000000000000000,1.5,29.146214,1404
1283.00000000000000000,1.5,29.18353,1405
1284.00000000000000000,1.5,29.203,1406
1285.00000000000000000,1.5,29.233826,1407
1286.00000000000000000,1.5,29.256541,1408
1287.00000000000000000,1.5,29.284123,1409
1288.00000000000000000,1.5,29.310082,1410
1289.00000000000000000,1.5,29.334419,1411
1290.00000000000000000,1.5,29.358756,1412
1291.00000000000000000,1.5,29.392827,1413
1292.00000000000000000,1.5,29.417164,1414
1293.00000000000000000,1.5,29.451236,1415
1294.00000000000000000,1.5,29.47395,1416
1295.00000000000000000,1.5,29.509644,1417
1296.00000000000000000,1.5,29.532359,1418
1297.00000000000000000,1.5,29.555073,1419
1298.00000000000000000,1.5,29.589145,1420
1299.00000000000000000,1.5,29.616727,1421
1300.00000000000000000,1.5,29.647553,1422
1301.00000000000000000,1.5,29.670268,1423
1302.00000000000000000,1.5,29.69136,1424
1303.00000000000000000,1.5,29.722186,1425
1304.00000000000000000,1.5,29.748146,1426
1305.00000000000000000,1.5,29.77735,1427
1306.00000000000000000,1.5,29.816289,1428
1307.00000000000000000,1.5,29.830891,1429
1308.00000000000000000,1.5,29.892545,1430
1309.00000000000000000,1.5,29.903902,1431
1310.00000000000000000,1.5,29.939596,1432
1311.00000000000000000,1.5,29.978535,1433
1312.00000000000000000,1.5,30.002872,1434
1313.00000000000000000,1.5,30.043433,1435
1314.00000000000000000,1.5,30.062903,1436
1315.00000000000000000,1.5,30.100219,1437
1316.00000000000000000,1.5,30.126179,1438
1317.00000000000000000,1.5,30.161873,1439
1318.00000000000000000,1.5,30.189454,1440
1319.00000000000000000,1.5,30.218659,1441
1320.00000000000000000,1.5,30.260843,1442
1321.00000000000000000,1.5,30.291669,1443
1322.00000000000000000,1.5,30.314384,1444
1323.00000000000000000,1.5,30.350078,1445
1324.00000000000000000,1.5,30.376037,1446
1325.00000000000000000,1.5,30.406864,1447
1326.00000000000000000,1.5,30.442558,1448
1327.00000000000000000,1.5,30.46365,1449
1328.00000000000000000,1.5,30.500966,1450
1329.00000000000000000,1.5,30.53666,1451
1330.00000000000000000,1.5,30.603181,1452
1331.00000000000000000,1.5,30.595069,1453
1332.00000000000000000,1.5,30.640498,1454
1333.00000000000000000,1.5,30.656722,1455
1334.00000000000000000,1.5,30.705396,1456
1335.00000000000000000,1.5,30.723243,1457
1336.00000000000000000,1.5,30.763805,1458
1337.00000000000000000,1.5,30.802744,1459
1338.00000000000000000,1.5,30.831948,1460
1339.00000000000000000,1.5,30.869264,1461
1340.00000000000000000,1.5,30.903336,1462
1341.00000000000000000,1.5,30.934163,1463
1342.00000000000000000,1.5,30.964989,1464
1343.00000000000000000,1.5,30.999061,1465
1344.00000000000000000,1.5,31.036377,1466
1345.00000000000000000,1.5,31.070449,1467
1346.00000000000000000,1.5,31.112633,1468
1347.00000000000000000,1.5,31.146704,1469
1348.00000000000000000,1.5,31.184021,1470
1349.00000000000000000,1.5,31.231072,1471
1350.00000000000000000,1.5,31.257032,1472
1351.00000000000000000,1.5,31.310573,1473
1352.00000000000000000,1.5,31.341399,1474
1353.00000000000000000,1.5,31.383583,1475
1354.00000000000000000,1.5,31.425767,1476
1355.00000000000000000,1.5,31.453349,1477
1356.00000000000000000,1.5,31.503645,1478
1357.00000000000000000,1.5,31.534472,1479
1358.00000000000000000,1.5,31.594503,1480
1359.00000000000000000,1.5,31.630197,1481
1360.00000000000000000,1.5,31.657778,1482
1361.00000000000000000,1.5,31.709697,1483
1362.00000000000000000,1.5,31.730789,1484
1363.00000000000000000,1.5,31.805422,1485
1364.00000000000000000,1.5,31.841116,1486
1365.00000000000000000,1.5,31.87681,1487
1366.00000000000000000,1.5,31.927106,1488
1367.00000000000000000,1.5,31.972535,1489
1368.00000000000000000,1.5,32.013096,1490
1369.00000000000000000,1.5,32.052035,1491
1370.00000000000000000,1.5,32.108821,1492
1371.00000000000000000,1,32.129913,1493
1372.00000000000000000,1,32.194811,1494
1373.00000000000000000,1,32.232128,1495
1374.00000000000000000,1,32.261332,1496
1375.00000000000000000,1,32.31974,1497
1376.00000000000000000,1,32.366792,1498
1377.00000000000000000,1,32.41871,1499
1378.00000000000000000,1,32.483609,1500
1379.00000000000000000,1,32.506323,1501
1380.00000000000000000,1,32.553374,1502
1381.00000000000000000,1,32.606915,1503
1382.00000000000000000,1,32.662079,1504
1383.00000000000000000,1,32.705885,1505
1384.00000000000000000,1,32.754559,1506
1385.00000000000000000,1,32.811345,1507
1386.00000000000000000,1,32.86813,1508
1387.00000000000000000,1,32.926539,1509
1388.00000000000000000,1,32.981702,1510
1389.00000000000000000,1,33.023886,1511
1390.00000000000000000,1,33.090407,1512
1391.00000000000000000,1,33.132591,1513
1392.00000000000000000,1,33.200734,1514
1393.00000000000000000,1,33.267254,1515
1394.00000000000000000,1,33.32404,1516
1395.00000000000000000,1,33.388938,1517
1396.00000000000000000,1,33.448969,1518
1397.00000000000000000,1,33.523602,1519
1398.00000000000000000,1,33.586878,1520
1399.00000000000000000,1,33.770215,1521
1400.00000000000000000,1,33.981134,1522
1401.00000000000000000,1,34.240727,1523
1402.00000000000000000,1,34.454891,1524
1403.00000000000000000,1,34.742065,1525
1404.00000000000000000,1,35.030862,1526
1405.00000000000000000,1,35.371577,1527
1406.00000000000000000,1,35.746363,1528
1407.00000000000000000,1,36.184425,1529
1408.00000000000000000,1,36.726324,1530
1409.00000000000000000,1,37.428846,1531
1410.00000000000000000,1,45.430755,1532
1411.00000000000000000,1,,
1412.00000000000000000,1,,
1413.00000000000000000,1,,
1414.00000000000000000,1,,
1415.00000000000000000,1,,
1416.00000000000000000,1,,
1417.00000000000000000,1,,
1418.00000000000000000,1,,
1419.00000000000000000,1,,
1420.00000000000000000,1,,
1421.00000000000000000,1,,
1422.00000000000000000,1,,
1423.00000000000000000,1,,
1424.00000000000000000,1,,
1425.00000000000000000,1,,
1426.00000000000000000,1,,
1427.00000000000000000,1,,
1428.00000000000000000,1,,
1429.00000000000000000,1,,
1430.00000000000000000,1,,
1431.00000000000000000,1,,
1432.00000000000000000,1,,
1433.00000000000000000,1,,
1434.00000000000000000,1,,
1435.00000000000000000,1,,
1436.00000000000000000,1,,
1437.00000000000000000,1,,
1438.00000000000000000,1,,
1439.00000000000000000,1,,
1440.00000000000000000,1,,
1441.00000000000000000,1,,
1442.00000000000000000,1,,
1443.00000000000000000,1,,
1444.00000000000000000,1,,
1445.00000000000000000,1,,
1446.00000000000000000,1,,
1447.00000000000000000,1,,
1448.00000000000000000,1,,
1449.00000000000000000,1,,
1450.00000000000000000,1,,
1451.00000000000000000,1,,
1452.00000000000000000,1,,
1453.00000000000000000,1,,
1454.00000000000000000,1,,
1455.00000000000000000,1,,
1456.00000000000000000,1,,
1457.00000000000000000,1,,
1458.00000000000000000,1,,
1459.00000000000000000,1,,
1460.00000000000000000,1,,
1461.00000000000000000,1,,
1462.00000000000000000,1,,
1463.00000000000000000,1,,
1464.00000000000000000,1,,
1465.00000000000000000,1,,
1466.00000000000000000,1,,
1467.00000000000000000,1,,
1468.00000000000000000,1,,
1469.00000000000000000,1,,
1470.00000000000000000,1,,
1471.00000000000000000,1,,
1472.00000000000000000,1,,
1473.00000000000000000,1,,
1474.00000000000000000,1,,
1475.00000000000000000,1,,
1476.00000000000000000,1,,
1477.00000000000000000,1,,
1478.00000000000000000,1,,
1479.00000000000000000,1,,
1480.00000000000000000,1,,
1481.00000000000000000,1,,
1482.00000000000000000,1,,
1483.00000000000000000,1,,
1484.00000000000000000,1,,
1485.00000000000000000,1,,
1486.00000000000000000,1,,
1487.00000000000000000,1,,
1488.00000000000000000,1,,
1489.00000000000000000,1,,
1490.00000000000000000,1,,
1491.00000000000000000,1,,
1492.00000000000000000,1,,
1493.00000000000000000,1,,
1494.00000000000000000,1,,
1495.00000000000000000,1,,
1496.00000000000000000,1,,
1497.00000000000000000,1,,
1498.00000000000000000,1,,
1499.00000000000000000,1,,
1500.00000000000000000,1,,
1501.00000000000000000,1,,
1502.00000000000000000,1,,
1503.00000000000000000,1,,
1504.00000000000000000,1,,
1505.00000000000000000,1,,
1506.00000000000000000,1,,
1507.00000000000000000,1,,
1508.00000000000000000,1,,
1509.00000000000000000,1,,
1510.00000000000000000,1,,
1511.00000000000000000,1,,
1512.00000000000000000,1,,
1513.00000000000000000,1,,
1514.00000000000000000,1,,
1515.00000000000000000,1,,
1516.00000000000000000,1,,
1517.00000000000000000,1,,
1518.00000000000000000,1,,
1519.00000000000000000,1,,
1520.00000000000000000,1,,
1521.00000000000000000,1.5,,
1522.00000000000000000,1.5,,
1523.00000000000000000,1.5,,
1524.00000000000000000,1.5,,
1525.00000000000000000,1.5,,
1526.00000000000000000,1.5,,
1527.00000000000000000,1.5,,
1528.00000000000000000,1.5,,
1529.00000000000000000,1.5,,
1530.00000000000000000,1.5,,
1531.00000000000000000,1.5,,
1532.00000000000000000,1.5,,
